# epoch,phone_train_mse,phone_train_pcc,phone_test_mse,phone_test_pcc,learning rate,utt_train_mse_accuracy,utt_train_mse_completeness,utt_train_mse_fluency,utt_train_mse_prosodic,utt_train_mse_total,utt_train_pcc_accuracy,utt_train_pcc_completeness,utt_train_pcc_fluency,utt_train_pcc_prosodic,utt_train_pcc_total,utt_test_mse_accuracy,utt_test_mse_completeness,utt_test_mse_fluency,utt_test_mse_prosodic,utt_test_mse_total,utt_test_pcc_accuracy,utt_test_pcc_completeness,utt_test_pcc_fluency,utt_test_pcc_prosodic,utt_test_pcc_total,word_train_pcc_accuracy,word_train_pcc_stress,word_train_pcc_total,word_test_pcc_accuracy,word_test_pcc_stress,word_test_pcc_total
0.000000000000000000e+00,1.590677052736282349e-01,3.347447654273866258e-01,1.190413609147071838e-01,2.845961558367084421e-01,9.499999999999999981e-04,1.151139140129089355e-01,3.605498466640710831e-03,1.038028821349143982e-01,9.382745623588562012e-02,1.150085926055908203e-01,1.490267290334008066e-01,-3.094628186494215866e-02,2.525469848017565244e-01,-4.502953556172434313e-01,1.847582960869874336e-01,9.552365541458129883e-02,5.202962085604667664e-03,7.748426496982574463e-02,7.974024116992950439e-02,9.108184278011322021e-02,6.382441042515300811e-02,1.260066060260066172e-02,2.073989877859822861e-01,-3.342651531656463670e-01,1.526684592789758210e-01,2.417352892680959264e-01,5.929114311678421873e-02,2.212097864898441013e-01,1.979009843290741311e-01,5.375189957660279905e-02,1.745971824123709604e-01
1.000000000000000000e+00,1.149134710431098938e-01,5.880844593240230900e-01,9.140167385339736938e-02,5.502731719386074749e-01,1.000000000000000021e-03,1.088901013135910034e-01,1.349779311567544937e-03,8.979816734790802002e-02,8.512285351753234863e-02,1.043300032615661621e-01,2.550615371439073353e-01,1.175316271938504215e-02,6.516875474054661943e-01,2.554267247515631389e-01,3.141519748676034340e-01,8.962692320346832275e-02,3.061893163248896599e-03,7.028461992740631104e-02,7.737303525209426880e-02,8.698431402444839478e-02,1.643302457459391297e-01,-2.440537170194843203e-02,5.519719343683129331e-01,1.255872313185019962e-01,2.081417523628305288e-01,5.494506393814806433e-01,6.606846297965963954e-02,5.798769446816343098e-01,4.720683414029021030e-01,5.066572392602174818e-02,4.984997624892328894e-01
2.000000000000000000e+00,9.903042018413543701e-02,6.578557693335596035e-01,7.727515697479248047e-02,6.273310696208146409e-01,1.000000000000000021e-03,8.773126453161239624e-02,2.359625184908509254e-03,6.687896698713302612e-02,6.875300407409667969e-02,7.472705096006393433e-02,5.788544410978656574e-01,7.400591794373036214e-02,6.590861803749435976e-01,6.059255868643177445e-01,6.200317565884146953e-01,7.468138635158538818e-02,3.628931706771254539e-03,5.672971531748771667e-02,6.296745687723159790e-02,6.644967943429946899e-02,5.007020165328649464e-01,8.371637584164035029e-02,5.812607658205964922e-01,4.892374617917381041e-01,5.435986460180425306e-01,6.267327513676007600e-01,6.299636411538786507e-02,6.382386073863066667e-01,5.517423197109631028e-01,2.700489187055166856e-02,5.675501432358586174e-01
3.000000000000000000e+00,9.483186155557632446e-02,6.758618330109494865e-01,7.464483380317687988e-02,6.425701561008249074e-01,1.000000000000000021e-03,5.339389666914939880e-02,1.818419434130191803e-03,4.863404482603073120e-02,4.711988940834999084e-02,5.106057599186897278e-02,7.402194333508995694e-01,4.935623610172611836e-02,7.065563552798305169e-01,7.002148869344285709e-01,7.419943855308045455e-01,5.056264251470565796e-02,2.954275812953710556e-03,4.599225148558616638e-02,4.733571410179138184e-02,4.910046979784965515e-02,6.777614018735492740e-01,1.289721477745372491e-01,6.186397587078857896e-01,6.194078779122771383e-01,6.786795321342596887e-01,6.372490190673917310e-01,1.879346173619622362e-01,6.219208123717353542e-01,5.654356883226115960e-01,1.014571591645566789e-01,5.517603139772047083e-01
4.000000000000000000e+00,9.339036792516708374e-02,6.875539969498282167e-01,7.376769930124282837e-02,6.550323228331427217e-01,1.000000000000000021e-03,5.860329419374465942e-02,3.516653086990118027e-03,5.293211713433265686e-02,5.488990992307662964e-02,5.107951536774635315e-02,7.543590399110949862e-01,-1.606757493483014498e-02,7.167917179334817313e-01,7.089599395083182598e-01,7.585268756857339589e-01,5.980029702186584473e-02,4.587868228554725647e-03,5.097751691937446594e-02,5.694448947906494141e-02,5.144188180565834045e-02,6.880448726171981555e-01,4.437192576208244532e-02,6.258814604592856101e-01,6.238202431558019789e-01,6.909680139974782032e-01,6.411081600325616581e-01,1.776697833334266730e-01,6.207305456574083724e-01,5.704789101210605562e-01,9.360506319929180752e-02,5.502766596913649666e-01
5.000000000000000000e+00,9.054687619209289551e-02,6.934887004081312645e-01,7.152216881513595581e-02,6.606962560951805674e-01,1.000000000000000021e-03,4.777143523097038269e-02,2.319188322871923447e-03,4.629823938012123108e-02,4.635810852050781250e-02,4.745700210332870483e-02,7.644248677937598435e-01,1.143320363792268979e-02,7.247272690050108324e-01,7.122558944178861706e-01,7.673840060780630079e-01,4.737174510955810547e-02,3.652633400633931160e-03,4.471306130290031433e-02,4.810715839266777039e-02,4.814916104078292847e-02,6.960181394417158662e-01,6.780305288187593593e-02,6.317747044168317005e-01,6.243939662602079332e-01,6.980631243182621182e-01,6.414838818953585431e-01,1.968604528602989900e-01,6.266369347331666173e-01,5.710233496923252661e-01,1.044218746489049970e-01,5.559130926193802669e-01
6.000000000000000000e+00,9.014467149972915649e-02,6.989734320684471980e-01,7.133112847805023193e-02,6.658748840033429373e-01,1.000000000000000021e-03,4.720502719283103943e-02,2.465359400957822800e-03,4.621815308928489685e-02,4.504280537366867065e-02,4.658701270818710327e-02,7.674279118607922889e-01,4.557650531552712159e-02,7.246414929165262420e-01,7.104551960779492692e-01,7.687556496068592704e-01,4.778893291950225830e-02,3.302022581920027733e-03,4.518097266554832458e-02,4.708206653594970703e-02,4.773933440446853638e-02,6.941595567865197491e-01,1.006304973706499406e-01,6.281905041756830066e-01,6.192214260931221403e-01,6.964577055973556474e-01,6.475406903339266940e-01,2.107280116604195730e-01,6.363082536203259476e-01,5.764728593573920090e-01,1.133337950422399903e-01,5.654123391082318539e-01
7.000000000000000000e+00,8.997330814599990845e-02,7.049046963400764643e-01,7.267922163009643555e-02,6.679234511786212858e-01,1.000000000000000021e-03,4.630590975284576416e-02,2.382230944931507111e-03,4.878438636660575867e-02,4.510544613003730774e-02,4.493347927927970886e-02,7.780725377113263397e-01,6.991992583660343319e-02,7.318710864560650231e-01,7.207033119841180779e-01,7.772659997932236386e-01,4.668528959155082703e-02,3.337388858199119568e-03,4.908231273293495178e-02,4.697833955287933350e-02,4.587457701563835144e-02,7.080815303099980973e-01,1.125519763433697473e-01,6.341215237432941132e-01,6.302653782686327144e-01,7.057601851308616947e-01,6.521528240389683484e-01,2.417562352676643211e-01,6.447198333739749820e-01,5.800192078872411505e-01,1.413396035758460179e-01,5.718667663256862266e-01
8.000000000000000000e+00,8.799873292446136475e-02,7.080207710639503382e-01,7.105749845504760742e-02,6.708212372494688491e-01,1.000000000000000021e-03,4.517665877938270569e-02,1.221293350681662560e-03,4.640701413154602051e-02,4.447765648365020752e-02,4.437743872404098511e-02,7.796286242578673864e-01,6.625640307828249698e-02,7.347768625204835757e-01,7.231164624202809366e-01,7.787838207943497126e-01,4.568219929933547974e-02,2.580078784376382828e-03,4.596268758177757263e-02,4.661987721920013428e-02,4.533258825540542603e-02,7.097930652931886408e-01,9.202191998429491704e-02,6.368083614969041184e-01,6.317245933393889068e-01,7.066056842960737328e-01,6.617237040935473047e-01,2.441436246680796229e-01,6.590534185603705852e-01,5.878202416788432805e-01,1.467720656132773527e-01,5.855403063121389362e-01
9.000000000000000000e+00,8.575179427862167358e-02,7.136311910631881750e-01,6.922748684883117676e-02,6.757698231284159363e-01,1.000000000000000021e-03,4.470510408282279968e-02,1.288426341488957405e-03,4.368217289447784424e-02,4.232565313577651978e-02,4.215550422668457031e-02,7.870468255574837313e-01,4.648557140774069868e-02,7.427463443696995515e-01,7.321257872063270389e-01,7.887700360825171675e-01,4.638116434216499329e-02,2.732619177550077438e-03,4.378776624798774719e-02,4.469450190663337708e-02,4.375642165541648865e-02,7.164437604083405686e-01,7.447384721221238235e-02,6.457956243845839328e-01,6.435168064696830115e-01,7.172123733341561058e-01,6.607721737497040948e-01,2.191086892752737159e-01,6.588914668960769161e-01,5.876939380831028847e-01,1.239595761119905021e-01,5.849672250394370998e-01
1.000000000000000000e+01,8.619967848062515259e-02,7.149811360382437586e-01,6.889742612838745117e-02,6.783807836686741588e-01,1.000000000000000021e-03,4.504005610942840576e-02,1.102876150980591774e-03,4.358988627791404724e-02,4.170450940728187561e-02,4.200744628906250000e-02,7.903044526043995210e-01,4.625982804775303353e-02,7.466863436943542709e-01,7.360290680771744976e-01,7.927674036924746703e-01,4.588818550109863281e-02,2.552258083596825600e-03,4.303285479545593262e-02,4.410713911056518555e-02,4.356554895639419556e-02,7.178991819130879914e-01,5.552162921509217614e-02,6.499417339656292647e-01,6.478364794299923402e-01,7.200996963582011468e-01,6.712517690900421385e-01,2.038209312851420596e-01,6.736303228973093971e-01,5.971998787029110245e-01,1.082554389320076055e-01,5.983237567520860445e-01
1.100000000000000000e+01,8.535414189100265503e-02,7.180183033106890544e-01,6.925191730260848999e-02,6.779727258034916604e-01,1.000000000000000021e-03,4.289925098419189453e-02,2.226768760010600090e-03,4.430823400616645813e-02,4.265137761831283569e-02,4.324775189161300659e-02,7.942445511485658471e-01,9.292847602127771167e-03,7.457744308416814905e-01,7.359310496963458181e-01,7.943611516312367726e-01,4.578419402241706848e-02,3.670537378638982773e-03,4.456586763262748718e-02,4.544949904084205627e-02,4.612424597144126892e-02,7.172799678217768315e-01,1.754068346841993961e-02,6.461860963264186575e-01,6.459447167559464464e-01,7.182761998110936963e-01,6.781005481896449361e-01,2.225041982709270727e-01,6.823681819146550920e-01,6.019125089704202569e-01,1.257374218542658406e-01,6.051370239005455787e-01
1.200000000000000000e+01,8.503969013690948486e-02,7.226511187308164441e-01,6.980887800455093384e-02,6.813004753222176024e-01,1.000000000000000021e-03,4.229496419429779053e-02,1.149923191405832767e-03,4.645944014191627502e-02,4.407051578164100647e-02,4.154063761234283447e-02,7.976335412455611840e-01,7.844233799086862413e-02,7.506595653143772751e-01,7.429317680131353185e-01,7.988846827926163741e-01,4.442042484879493713e-02,2.767249010503292084e-03,4.781039059162139893e-02,4.709958285093307495e-02,4.400635883212089539e-02,7.218778450444311989e-01,8.023120420767893002e-02,6.518948532203231450e-01,6.537500725338231122e-01,7.227261548492006638e-01,6.642448007909143026e-01,2.418230511047123055e-01,6.712419252890273746e-01,5.879709626893528940e-01,1.484269936535708712e-01,5.933779583215244013e-01
1.300000000000000000e+01,8.495892584323883057e-02,7.237330664669769931e-01,6.895762681961059570e-02,6.835792547856631707e-01,1.000000000000000021e-03,4.363444074988365173e-02,1.256445422768592834e-03,4.247945547103881836e-02,4.031732678413391113e-02,4.029337316751480103e-02,7.964334443288619836e-01,-2.783474461717855546e-03,7.508152338449930463e-01,7.447022040206521254e-01,7.998581865661914536e-01,4.676809534430503845e-02,3.018572228029370308e-03,4.300583526492118835e-02,4.325397312641143799e-02,4.318808764219284058e-02,7.164826224981459823e-01,-7.798720405623024623e-04,6.507224707570355982e-01,6.551468165572666980e-01,7.217035667201368021e-01,6.691010338070261243e-01,2.212829389544692660e-01,6.802590965167635284e-01,5.924000435877962989e-01,1.253148198829883986e-01,6.021816708878183766e-01
1.400000000000000000e+01,8.353398740291595459e-02,7.263621829728197365e-01,6.987849622964859009e-02,6.778576106295617354e-01,1.000000000000000021e-03,4.525508359074592590e-02,1.170704956166446209e-03,4.237915202975273132e-02,4.140503704547882080e-02,4.216651618480682373e-02,8.001503228233344256e-01,3.416064521858799830e-02,7.511372916544492018e-01,7.441775223517564930e-01,8.005258493820238686e-01,4.882736131548881531e-02,2.727654064074158669e-03,4.386012628674507141e-02,4.482983052730560303e-02,4.610374197363853455e-02,7.121454659782212593e-01,2.889745537051582533e-02,6.461162238236107802e-01,6.487724462440065398e-01,7.161682875700864370e-01,6.686086688556611701e-01,2.317484731766331352e-01,6.796816540240234739e-01,5.862461549698337882e-01,1.263409861659445244e-01,5.964441547618943851e-01
1.500000000000000000e+01,8.792614936828613281e-02,7.205502779033715610e-01,7.079032808542251587e-02,6.792424475788662042e-01,1.000000000000000021e-03,4.422063380479812622e-02,8.024382404983043671e-04,4.469448700547218323e-02,4.242321103811264038e-02,4.313597455620765686e-02,7.979138506455192292e-01,2.545145158747182113e-02,7.513943159014012663e-01,7.440353838395380448e-01,7.989088884753624553e-01,4.746350273489952087e-02,2.530085621401667595e-03,4.364440590143203735e-02,4.466084763407707214e-02,4.590513929724693298e-02,7.084090630623421925e-01,2.600656779997033885e-04,6.519057872074841553e-01,6.542193204964483755e-01,7.150059983667934604e-01,6.765165032921642840e-01,2.043010991159789347e-01,6.911435535683979614e-01,5.944904766546916797e-01,1.066751947109787074e-01,6.080299659350109076e-01
1.600000000000000000e+01,8.565184473991394043e-02,7.299455588748918755e-01,7.377350330352783203e-02,6.785501833165837882e-01,1.000000000000000021e-03,4.299700260162353516e-02,1.035464229062199593e-03,4.772510379552841187e-02,4.153364151716232300e-02,4.152323678135871887e-02,8.028062653436245366e-01,8.493378150923124037e-02,7.590002927824969214e-01,7.548586283222809001e-01,8.064187103819612235e-01,4.687262699007987976e-02,2.734350971877574921e-03,5.040619894862174988e-02,4.508948326110839844e-02,4.594165086746215820e-02,7.185110837155024299e-01,5.028408196199787156e-02,6.588752597760195728e-01,6.632680264793953118e-01,7.218815627163214232e-01,6.803952252192096983e-01,2.497380443268676364e-01,6.920618182894355819e-01,5.946671163054984000e-01,1.495654651458960815e-01,6.044223824644974208e-01
1.700000000000000000e+01,8.214566856622695923e-02,7.327816160364193365e-01,6.774473935365676880e-02,6.853544548102842304e-01,1.000000000000000021e-03,4.066554084420204163e-02,2.813489409163594246e-03,4.246068745851516724e-02,3.948078677058219910e-02,4.144446551799774170e-02,8.094254622065408800e-01,9.693305296644888491e-02,7.616955355722048182e-01,7.556059686956803079e-01,8.117706867186875730e-01,4.474175348877906799e-02,4.593375138938426971e-03,4.432842880487442017e-02,4.355804622173309326e-02,4.594087600708007812e-02,7.273006809886556345e-01,7.015474901433228772e-02,6.617533189344522171e-01,6.626953733457079387e-01,7.278184930483578841e-01,6.675630316491102390e-01,2.339082290900998118e-01,6.802644601847628314e-01,5.828698672305606676e-01,1.414473599541698767e-01,5.943703678735833273e-01
1.800000000000000000e+01,8.250339329242706299e-02,7.350271970461912385e-01,7.110749930143356323e-02,6.809612813182011060e-01,1.000000000000000021e-03,3.966385126113891602e-02,7.867714157328009605e-04,4.150775074958801270e-02,3.950752690434455872e-02,3.767697513103485107e-02,8.131631394653480172e-01,7.387734332690489014e-02,7.647241081769026172e-01,7.600804932529641178e-01,8.143460887365771006e-01,4.434802755713462830e-02,2.416834468021988869e-03,4.444147273898124695e-02,4.382421448826789856e-02,4.301422089338302612e-02,7.234921141097361286e-01,2.917323997434767904e-02,6.632771648295958666e-01,6.673162300600098407e-01,7.260934346193205213e-01,6.777284012158253379e-01,2.433512800052127778e-01,6.882814128541430154e-01,5.886016532304119142e-01,1.433403880325660462e-01,5.980190034807181254e-01
1.900000000000000000e+01,8.263300359249114990e-02,7.358708496697827783e-01,6.897419691085815430e-02,6.840245166351329731e-01,1.000000000000000021e-03,4.050702974200248718e-02,7.262869621627032757e-04,4.191555082798004150e-02,3.988562151789665222e-02,3.862044587731361389e-02,8.110283645418289167e-01,8.134203432076363149e-02,7.645017429598552905e-01,7.580298284680750953e-01,8.128945973246950452e-01,4.658472537994384766e-02,2.416990464553236961e-03,4.200550541281700134e-02,4.330904781818389893e-02,4.360524937510490417e-02,7.218737338269185511e-01,3.971163181042124124e-02,6.618987582528438329e-01,6.643479782961464464e-01,7.246528676997763263e-01,6.855296553873546639e-01,2.061825313936690163e-01,7.000937644077140920e-01,5.964410299840984253e-01,1.121956928414985233e-01,6.098021193264239193e-01
2.000000000000000000e+01,8.210186660289764404e-02,7.331134024373311409e-01,6.932479888200759888e-02,6.806895467077862527e-01,1.000000000000000021e-03,4.477824270725250244e-02,1.781563623808324337e-03,4.499504342675209045e-02,4.132075980305671692e-02,4.493916034698486328e-02,8.043446205689669393e-01,-3.544953191414291355e-02,7.599073081673958230e-01,7.549089965560854543e-01,8.085398125804874603e-01,5.039649084210395813e-02,3.553490852937102318e-03,4.580900445580482483e-02,4.506978765130043030e-02,5.079302191734313965e-02,7.073575858316266673e-01,-9.383154284074501916e-02,6.564349720317393944e-01,6.598181936978027018e-01,7.162148008512559949e-01,6.867326503204945753e-01,2.324634230699469950e-01,6.994318475300185245e-01,5.974394865328270798e-01,1.239192209886338242e-01,6.085372642187685255e-01
2.100000000000000000e+01,7.928322255611419678e-02,7.404665968458739034e-01,6.925239413976669312e-02,6.801933473780966688e-01,5.000000000000000104e-04,3.989882394671440125e-02,6.669103750027716160e-04,4.086196795105934143e-02,3.852736577391624451e-02,3.810627013444900513e-02,8.173274367994801670e-01,1.839942898887577533e-02,7.719533879978051072e-01,7.671230379240892017e-01,8.203960856594239015e-01,4.552695900201797485e-02,2.454498317092657089e-03,4.438638314604759216e-02,4.298966377973556519e-02,4.449308663606643677e-02,7.246718107866449987e-01,-5.707380257635975146e-02,6.674461867315402142e-01,6.733297095861313641e-01,7.275326250243054904e-01,6.874368289939446486e-01,2.477314300594443131e-01,6.997883481124783644e-01,5.933989423062536739e-01,1.441016018631884332e-01,6.039816560936741574e-01
2.200000000000000000e+01,8.054738491773605347e-02,7.393439373251273761e-01,6.813720613718032837e-02,6.854816548306300605e-01,5.000000000000000104e-04,4.049354419112205505e-02,7.447812822647392750e-04,4.251624643802642822e-02,4.397382959723472595e-02,4.101053252816200256e-02,8.121355100465424970e-01,2.652189891178184308e-02,7.652045810258932823e-01,7.599752367075000015e-01,8.131271656610467025e-01,4.684903100132942200e-02,2.530013909563422203e-03,4.286722838878631592e-02,4.753541201353073120e-02,4.667805507779121399e-02,7.162204041443744895e-01,-3.669431300017512998e-02,6.656396221119273982e-01,6.686174410919544231e-01,7.212853033936618141e-01,6.862109393693300863e-01,2.176229064852085171e-01,7.029292693852774443e-01,5.942961489734355229e-01,1.117523206476021130e-01,6.094372487034487307e-01
2.300000000000000000e+01,7.789519429206848145e-02,7.446042579310221399e-01,6.744698435068130493e-02,6.842815849339467515e-01,5.000000000000000104e-04,3.828053548932075500e-02,6.797009264118969440e-04,3.942950069904327393e-02,3.771305456757545471e-02,3.616669774055480957e-02,8.207872234894951768e-01,2.825352327565788108e-02,7.758586170454072617e-01,7.705561541376554358e-01,8.236595296710877978e-01,4.368095472455024719e-02,2.459406619891524315e-03,4.071189463138580322e-02,4.136220738291740417e-02,4.190043359994888306e-02,7.249143111148325103e-01,-3.802753231901024461e-02,6.752721101790589708e-01,6.786502369570818205e-01,7.305434617486127324e-01,6.807525211751058736e-01,2.334334662950208750e-01,6.947210410707763684e-01,5.860764313152183602e-01,1.301223668125666144e-01,5.984832944724096659e-01
2.400000000000000000e+01,7.732776552438735962e-02,7.460390061783317428e-01,6.750834733247756958e-02,6.840554133950091931e-01,5.000000000000000104e-04,4.170633479952812195e-02,1.366904238238930702e-03,3.921004757285118103e-02,3.863074257969856262e-02,3.730209916830062866e-02,8.222295301500373021e-01,1.620580518904419023e-02,7.761327324597052657e-01,7.704656103053986183e-01,8.252002534439163428e-01,5.020376294851303101e-02,3.239220939576625824e-03,4.080510884523391724e-02,4.261077195405960083e-02,4.470055550336837769e-02,7.206672224878784005e-01,-4.888161864670088202e-02,6.746435046237651001e-01,6.794984238765232609e-01,7.270818616874084039e-01,6.958853859048211854e-01,2.463688751881782657e-01,7.105925664060396274e-01,5.985973578297031361e-01,1.392845872354448178e-01,6.111961218026279452e-01
2.500000000000000000e+01,7.852417975664138794e-02,7.453509031459729650e-01,6.772203743457794189e-02,6.854071709246272182e-01,5.000000000000000104e-04,4.020532220602035522e-02,1.628298545256257057e-03,4.512868821620941162e-02,4.171444475650787354e-02,4.061605408787727356e-02,8.139149742500058071e-01,1.666001734513189447e-02,7.732770019178165644e-01,7.681737369062707765e-01,8.175962927917156398e-01,4.555888846516609192e-02,3.331999061629176140e-03,4.578687623143196106e-02,4.532750323414802551e-02,4.605983570218086243e-02,7.162827962050235531e-01,-4.931490370994687233e-02,6.762607362772157238e-01,6.788291728506558043e-01,7.250056328083148705e-01,6.838231143658030087e-01,2.188585169519282336e-01,6.979546305070418732e-01,5.885841535290007309e-01,1.124126317082331933e-01,6.007760235130131798e-01
2.600000000000000000e+01,7.678011059761047363e-02,7.492900037336869268e-01,6.890276074409484863e-02,6.816337987024484457e-01,2.500000000000000052e-04,3.642898052930831909e-02,7.084798999130725861e-04,3.740168362855911255e-02,3.582090884447097778e-02,3.503295406699180603e-02,8.274341607649271513e-01,2.240254344257704491e-02,7.831573916500622623e-01,7.775307358639931277e-01,8.288320505535001770e-01,4.523624852299690247e-02,2.517902525141835213e-03,4.049298539757728577e-02,4.054753854870796204e-02,4.342057183384895325e-02,7.256312534128952496e-01,-5.476935738464930314e-02,6.804331063973401150e-01,6.849204794753681602e-01,7.286310889965361692e-01,6.957155159862781213e-01,2.537622363284945393e-01,7.094445677987797350e-01,5.944695773036327013e-01,1.483596665260736303e-01,6.065619237813653086e-01
2.700000000000000000e+01,7.650198787450790405e-02,7.494175706495913580e-01,6.764207780361175537e-02,6.830237134592467285e-01,2.500000000000000052e-04,4.243500530719757080e-02,8.853248436935245991e-04,3.875062242150306702e-02,3.848788514733314514e-02,3.835100680589675903e-02,8.215433076201333895e-01,2.168405215858688895e-02,7.801064135001698485e-01,7.748532900061021467e-01,8.247400780105357265e-01,5.049193277955055237e-02,2.718312432989478111e-03,4.057227820158004761e-02,4.264278709888458252e-02,4.520227387547492981e-02,7.190209364762314426e-01,-4.936049340733955626e-02,6.791787055813787166e-01,6.840114016893079629e-01,7.253595976137406920e-01,6.916604364554331807e-01,2.441375268492894934e-01,7.072503242639081034e-01,5.921996969288948476e-01,1.378472857904570748e-01,6.059353523547248432e-01
2.800000000000000000e+01,7.735963910818099976e-02,7.503422511038978504e-01,6.757470220327377319e-02,6.852176100425757532e-01,2.500000000000000052e-04,3.729418665170669556e-02,6.950472597964107990e-04,3.886008262634277344e-02,3.700299561023712158e-02,3.542830795049667358e-02,8.294229454591754980e-01,5.086814716070506975e-02,7.854822861470750484e-01,7.800467532322910014e-01,8.322105974096143388e-01,4.343282803893089294e-02,2.495772670954465866e-03,4.164595901966094971e-02,4.151975363492965698e-02,4.190071299672126770e-02,7.296295731171505983e-01,-3.301982563722004327e-02,6.827366669647848552e-01,6.856984184461268894e-01,7.333325815094222655e-01,6.907816262975016164e-01,2.297874947066108342e-01,7.050856525088433635e-01,5.908243241874056029e-01,1.269583873744776770e-01,6.033880385469488905e-01
2.900000000000000000e+01,7.635625451803207397e-02,7.501792307207795218e-01,6.903175264596939087e-02,6.788175472755416662e-01,2.500000000000000052e-04,3.902550041675567627e-02,7.102772942744195461e-04,3.858877718448638916e-02,3.785268217325210571e-02,3.684481233358383179e-02,8.299546864788504008e-01,4.197861368451961256e-02,7.853685154469712826e-01,7.799570915817748418e-01,8.323870759363286576e-01,4.628646001219749451e-02,2.511680126190185547e-03,4.248328506946563721e-02,4.295718669891357422e-02,4.465740546584129333e-02,7.284388130046454135e-01,-3.434981290286946015e-02,6.802930904138627666e-01,6.841257178502571090e-01,7.322663653181663568e-01,6.867941888296991149e-01,2.445676930013210570e-01,7.006059491713283460e-01,5.845648087340783450e-01,1.397717570479169169e-01,5.969690401352399922e-01
3.000000000000000000e+01,7.662727683782577515e-02,7.518624589045808104e-01,6.768216937780380249e-02,6.828645244045331575e-01,2.500000000000000052e-04,3.863658010959625244e-02,7.660266710445284843e-04,3.745315223932266235e-02,3.664524108171463013e-02,3.594220429658889771e-02,8.287761392310968311e-01,2.818886712109296144e-02,7.864327766993697288e-01,7.810295877880950588e-01,8.318667155163450566e-01,4.545615240931510925e-02,2.566491253674030304e-03,4.070323333144187927e-02,4.147787392139434814e-02,4.319090023636817932e-02,7.285974631313344441e-01,-5.040185024912663403e-02,6.820796543885708774e-01,6.855933465487510370e-01,7.304056042599644805e-01,6.932179290527867854e-01,2.321513478836787492e-01,7.070377813526657063e-01,5.900844343910057743e-01,1.283733996871727345e-01,6.023649201230930617e-01
3.100000000000000000e+01,7.540076971054077148e-02,7.533544160907335030e-01,6.793604791164398193e-02,6.821788789024498811e-01,1.250000000000000026e-04,3.561266511678695679e-02,7.387813529931008816e-04,3.672582283616065979e-02,3.508734703063964844e-02,3.390869125723838806e-02,8.308282432865312650e-01,3.191846558912209142e-02,7.878180504527387829e-01,7.821856191770140132e-01,8.340416209239623901e-01,4.358180239796638489e-02,2.559408778324723244e-03,3.981004282832145691e-02,3.987437859177589417e-02,4.190954566001892090e-02,7.270619576256979188e-01,-4.279032739642945476e-02,6.835121060519475655e-01,6.876221660446113493e-01,7.320445968092411659e-01,6.940127896316993228e-01,2.526771514618877390e-01,7.079191940730822363e-01,5.908446858190394835e-01,1.451590497598992668e-01,6.029569855582942450e-01
3.200000000000000000e+01,7.568199932575225830e-02,7.534431902534622916e-01,6.763164699077606201e-02,6.837065677401811259e-01,1.250000000000000026e-04,3.600327670574188232e-02,7.123652612790465355e-04,3.703772649168968201e-02,3.547694534063339233e-02,3.423056751489639282e-02,8.297984661062548506e-01,1.814307257611795510e-02,7.872238075465887164e-01,7.816828614801062391e-01,8.332395278718244258e-01,4.355466738343238831e-02,2.524156356230378151e-03,3.945111855864524841e-02,3.996999189257621765e-02,4.186174273490905762e-02,7.258250213937641471e-01,-5.900414446334494023e-02,6.844912171473875873e-01,6.874188000414868105e-01,7.317015426129485078e-01,6.964644227944239985e-01,2.500492719250472229e-01,7.107672582448987253e-01,5.934817813739039494e-01,1.394235483563941169e-01,6.063093006500563931e-01
3.300000000000000000e+01,7.537167519330978394e-02,7.544190215258087528e-01,6.765440106391906738e-02,6.828859447321143916e-01,1.250000000000000026e-04,3.511014953255653381e-02,7.715311949141323566e-04,3.629067167639732361e-02,3.471164032816886902e-02,3.365687280893325806e-02,8.334622634731182478e-01,2.529628381364156312e-02,7.905059856292895315e-01,7.847940816874241499e-01,8.359051812980841101e-01,4.381435737013816833e-02,2.578734187409281731e-03,3.978485241532325745e-02,3.965849801898002625e-02,4.205983132123947144e-02,7.276765040169689280e-01,-5.089392305144482126e-02,6.856738677446122532e-01,6.902038220482770159e-01,7.311224220091596671e-01,6.998299360723344575e-01,2.457331016644578869e-01,7.136165448448287263e-01,5.954637293071814996e-01,1.380797221445698719e-01,6.075569321543771162e-01
3.400000000000000000e+01,7.498995959758758545e-02,7.549183565482077141e-01,6.809934973716735840e-02,6.820243906213044882e-01,1.250000000000000026e-04,3.545154631137847900e-02,7.648130413144826889e-04,3.621976822614669800e-02,3.463139757513999939e-02,3.357128798961639404e-02,8.339351010660078778e-01,3.504180762944757860e-02,7.908952288587631774e-01,7.853125448035712663e-01,8.364191607162113629e-01,4.522460699081420898e-02,2.601451706141233444e-03,3.984620422124862671e-02,3.968900442123413086e-02,4.258634522557258606e-02,7.262959879577928213e-01,-4.038556833043212280e-02,6.864372817662598436e-01,6.911623734403594677e-01,7.303973235870946379e-01,6.992156184750488723e-01,2.540518805961530235e-01,7.131682670586028117e-01,5.936089687262789960e-01,1.456931821408800620e-01,6.066493327085309417e-01
3.500000000000000000e+01,7.484756410121917725e-02,7.555311694127483380e-01,6.831351667642593384e-02,6.810799424393922941e-01,1.250000000000000026e-04,3.520830720663070679e-02,7.753944373689591885e-04,3.681376203894615173e-02,3.462669625878334045e-02,3.381578996777534485e-02,8.343456901259472813e-01,2.936554017650717593e-02,7.914179812195053509e-01,7.859989188441559582e-01,8.363799042046561327e-01,4.402182251214981079e-02,2.612240612506866455e-03,4.103356227278709412e-02,4.001929983496665955e-02,4.267532378435134888e-02,7.277377246097841423e-01,-4.515004023366998853e-02,6.863017347458845174e-01,6.905457887773921444e-01,7.307192337299930340e-01,6.996940925569770098e-01,2.547671265264340179e-01,7.131081962238837724e-01,5.937015074318360286e-01,1.480197584374784714e-01,6.054189905145904715e-01
3.600000000000000000e+01,7.477243989706039429e-02,7.559997773592261883e-01,6.849052011966705322e-02,6.810687617727604337e-01,6.250000000000000130e-05,3.565229475498199463e-02,7.535037584602832794e-04,3.660969808697700500e-02,3.498233854770660400e-02,3.382258117198944092e-02,8.345219399269682148e-01,2.311170700251304402e-02,7.917851465474010642e-01,7.863494939694181118e-01,8.367494022869842452e-01,4.515634849667549133e-02,2.574215875938534737e-03,4.103479161858558655e-02,4.055728018283843994e-02,4.330423101782798767e-02,7.272432636090856439e-01,-5.085328726876338357e-02,6.860930137087554170e-01,6.903704125868850294e-01,7.307938538590756927e-01,7.012114179517398016e-01,2.570904967303383470e-01,7.143237520048323352e-01,5.946447842807863760e-01,1.481951578840362826e-01,6.065917092719865789e-01
3.700000000000000000e+01,7.477843761444091797e-02,7.559980431603799955e-01,6.797202676534652710e-02,6.814029645305980099e-01,6.250000000000000130e-05,3.597664833068847656e-02,7.730221259407699108e-04,3.751941025257110596e-02,3.541490063071250916e-02,3.403057530522346497e-02,8.323329901316898205e-01,4.871665967679939500e-03,7.909136820196780437e-01,7.855557556835350841e-01,8.359567185932025302e-01,4.472567886114120483e-02,2.581688808277249336e-03,4.008474946022033691e-02,4.012895748019218445e-02,4.241952672600746155e-02,7.247083796232157704e-01,-5.906980578878284066e-02,6.879832787395818716e-01,6.916513761478733091e-01,7.301785186605963540e-01,7.003203171913451319e-01,2.549997163847499415e-01,7.138179475447786748e-01,5.946599801246115202e-01,1.453172063167915973e-01,6.066046711821324600e-01
3.800000000000000000e+01,7.449993491172790527e-02,7.568895118797418498e-01,6.821222603321075439e-02,6.807829939466177871e-01,6.250000000000000130e-05,3.459876030683517456e-02,7.413684506900608540e-04,3.581731021404266357e-02,3.435225784778594971e-02,3.310735523700714111e-02,8.359545176493881069e-01,2.011490590487153424e-02,7.935604282696081535e-01,7.879435378010550828e-01,8.384578934088399160e-01,4.394644498825073242e-02,2.564186463132500648e-03,3.950128704309463501e-02,3.956896066665649414e-02,4.226946830749511719e-02,7.274609550372805877e-01,-4.782695852884652488e-02,6.888065683908614067e-01,6.925803424918076656e-01,7.312491923608109845e-01,7.007313817637876863e-01,2.561991359134943580e-01,7.141000741293328513e-01,5.937917847063144405e-01,1.442265871405710165e-01,6.059745023988950541e-01
3.900000000000000000e+01,7.443507760763168335e-02,7.570949686808841061e-01,6.861085444688796997e-02,6.793651664392660328e-01,6.250000000000000130e-05,3.486406803131103516e-02,8.001226233318448067e-04,3.581453859806060791e-02,3.444677591323852539e-02,3.320911526679992676e-02,8.361825961657430861e-01,2.112130955209749056e-02,7.939328673083946297e-01,7.880806738759963403e-01,8.383328764182986781e-01,4.488033056259155273e-02,2.635865472257137299e-03,3.943930938839912415e-02,3.967454284429550171e-02,4.266371950507164001e-02,7.264430059215339908e-01,-4.338557872680026684e-02,6.890219441854512628e-01,6.931305811790087201e-01,7.305001946579819938e-01,7.017801304658211059e-01,2.546099828993788061e-01,7.151259666052327546e-01,5.941751872405981461e-01,1.463876325156626412e-01,6.060022623351490889e-01
4.000000000000000000e+01,7.434711605310440063e-02,7.574428611235345388e-01,6.862748414278030396e-02,6.799987719885846049e-01,6.250000000000000130e-05,3.457413241267204285e-02,7.476435857824981213e-04,3.569306805729866028e-02,3.414581716060638428e-02,3.298290073871612549e-02,8.364218741051654415e-01,1.149250094384345403e-02,7.944590977200600701e-01,7.888860276741906929e-01,8.390607194895080001e-01,4.386468231678009033e-02,2.572875469923019409e-03,3.928191587328910828e-02,3.933158516883850098e-02,4.210427775979042053e-02,7.270499037133423270e-01,-5.458897114287202673e-02,6.899524241076917530e-01,6.935498889810174372e-01,7.315330941035851353e-01,7.012798476743665743e-01,2.600013311279422146e-01,7.140857220062100108e-01,5.933941741186017360e-01,1.519667097318583016e-01,6.048897094346087355e-01
4.100000000000000000e+01,7.440149039030075073e-02,7.575516576302169236e-01,6.923840194940567017e-02,6.784849142928738308e-01,3.125000000000000065e-05,3.446197509765625000e-02,7.663202122785151005e-04,3.565137833356857300e-02,3.416739776730537415e-02,3.294219821691513062e-02,8.368292485046152640e-01,1.472976067029474825e-02,7.946605539083151371e-01,7.888547702642647597e-01,8.391943025104315890e-01,4.468682408332824707e-02,2.597288694232702255e-03,3.962908312678337097e-02,3.959637880325317383e-02,4.271556809544563293e-02,7.263096973776200782e-01,-4.746037349571027852e-02,6.893951281046081236e-01,6.933900263409521481e-01,7.306075745406396260e-01,7.032645356502014167e-01,2.624996128106861226e-01,7.163564660528008998e-01,5.944926434719183250e-01,1.513118290430979784e-01,6.062728457337800414e-01
4.200000000000000000e+01,7.430901378393173218e-02,7.577638378860515056e-01,6.910416483879089355e-02,6.785205353898926539e-01,3.125000000000000065e-05,3.467205166816711426e-02,7.775378180667757988e-04,3.584135323762893677e-02,3.432487323880195618e-02,3.295953944325447083e-02,8.368372366172488475e-01,1.205901842081843339e-02,7.947348659697650586e-01,7.890438157181718370e-01,8.395261357520339418e-01,4.489482939243316650e-02,2.608298789709806442e-03,3.949033468961715698e-02,3.959908708930015564e-02,4.264973104000091553e-02,7.259757044578744045e-01,-4.794042793209014192e-02,6.897482224434311471e-01,6.937212667571855951e-01,7.306680322647727266e-01,7.028546319655371022e-01,2.617405203747760201e-01,7.157467885050892153e-01,5.942122467997464907e-01,1.509611491863382116e-01,6.058698033566402019e-01
4.300000000000000000e+01,7.418119162321090698e-02,7.579858923799084325e-01,6.839886307716369629e-02,6.803351726334448957e-01,3.125000000000000065e-05,3.434675931930541992e-02,7.470920681953430176e-04,3.556127846240997314e-02,3.400955721735954285e-02,3.282313421368598938e-02,8.371995513170151781e-01,1.663786977986973087e-02,7.951934948269181458e-01,7.895663765028553271e-01,8.398098063739350971e-01,4.401588439941406250e-02,2.566691488027572632e-03,3.940791636705398560e-02,3.933221846818923950e-02,4.226984828710556030e-02,7.271082756646127798e-01,-4.822839579589708464e-02,6.903509276247491444e-01,6.940711584984191607e-01,7.314527160782829940e-01,7.024909950952371585e-01,2.579014928693528219e-01,7.157134161447246123e-01,5.943439247339572518e-01,1.516247781665128747e-01,6.063171555874107277e-01
4.400000000000000000e+01,7.418625056743621826e-02,7.581021843865967114e-01,6.852450221776962280e-02,6.793772169948575357e-01,3.125000000000000065e-05,3.462358564138412476e-02,7.499434868805110455e-04,3.598587214946746826e-02,3.457056730985641479e-02,3.308746218681335449e-02,8.370422341605376904e-01,1.155369710196575000e-02,7.950913537338867298e-01,7.894034812763924824e-01,8.398902418582332441e-01,4.471623152494430542e-02,2.567462390288710594e-03,3.948023170232772827e-02,3.980001062154769897e-02,4.270895197987556458e-02,7.259898720145070428e-01,-4.731487430671713068e-02,6.904414596360801681e-01,6.944664024380470257e-01,7.307847567297816038e-01,7.035364449987169255e-01,2.582003430744996830e-01,7.168540709767707853e-01,5.951399727149898622e-01,1.496755525863429637e-01,6.069845663826323179e-01
4.500000000000000000e+01,7.413934916257858276e-02,7.582804032186416521e-01,6.877516955137252808e-02,6.795612896552137849e-01,3.125000000000000065e-05,3.461581468582153320e-02,7.531619630753993988e-04,3.566592931747436523e-02,3.427287191152572632e-02,3.308887407183647156e-02,8.375643822468173960e-01,1.502839796679925587e-02,7.955654988170128838e-01,7.899089363104637718e-01,8.398928882742636715e-01,4.460115730762481689e-02,2.576312748715281487e-03,3.999211266636848450e-02,3.985023126006126404e-02,4.295090585947036743e-02,7.267567394738452258e-01,-4.897100182260866880e-02,6.901136446287963189e-01,6.938787031021090845e-01,7.306941382435542254e-01,7.041086607069300118e-01,2.617512542113659135e-01,7.171158960326704523e-01,5.951616791615680357e-01,1.514636784875776354e-01,6.069207473413738008e-01
4.600000000000000000e+01,7.408825308084487915e-02,7.583945534495838414e-01,6.896390765905380249e-02,6.786180356748863218e-01,1.562500000000000033e-05,3.428593650460243225e-02,7.589944289065897465e-04,3.548295795917510986e-02,3.395405784249305725e-02,3.276897221803665161e-02,8.377680454103643148e-01,1.404097218041876725e-02,7.957257017539091093e-01,7.900203130118732542e-01,8.401807005205423895e-01,4.467587918043136597e-02,2.582842018455266953e-03,3.953684866428375244e-02,3.942922502756118774e-02,4.273797944188117981e-02,7.262132042915288022e-01,-4.582394073022962727e-02,6.902098862135923607e-01,6.941640402535870225e-01,7.306237054263566844e-01,7.041491891716886720e-01,2.604258991708680582e-01,7.171509149825806562e-01,5.947936267888189743e-01,1.522200838175534754e-01,6.068997165093223956e-01
4.700000000000000000e+01,7.421600818634033203e-02,7.583387392332110455e-01,6.816717982292175293e-02,6.804780991051360139e-01,1.562500000000000033e-05,3.436184674501419067e-02,7.662131101824343204e-04,3.548881784081459045e-02,3.394832089543342590e-02,3.276391699910163879e-02,8.373924120875773092e-01,1.289733875115620793e-02,7.958724668775848388e-01,7.902894072191323227e-01,8.404184769543477929e-01,4.371513053774833679e-02,2.573402365669608116e-03,3.909033164381980896e-02,3.914558887481689453e-02,4.202174022793769836e-02,7.272158605490405270e-01,-4.876086555936329919e-02,6.912754213557444904e-01,6.948309512712438352e-01,7.318124544555432154e-01,7.027560850052656516e-01,2.564499164725859703e-01,7.158657775626652287e-01,5.946361680923303306e-01,1.479155115268153686e-01,6.064810078913024372e-01
4.800000000000000000e+01,7.407505065202713013e-02,7.585438698230764221e-01,6.840077787637710571e-02,6.798902740940986344e-01,1.562500000000000033e-05,3.423720598220825195e-02,7.482892251573503017e-04,3.543978929519653320e-02,3.390242531895637512e-02,3.267351537942886353e-02,8.377985640077519891e-01,1.282333372525013872e-02,7.960874502335835157e-01,7.904141004381909363e-01,8.406374842829593685e-01,4.397694766521453857e-02,2.561688655987381935e-03,3.919210284948348999e-02,3.919913247227668762e-02,4.221423715353012085e-02,7.269403188802758820e-01,-4.780144837274016845e-02,6.911497681801958004e-01,6.948404588188605846e-01,7.315095020309048124e-01,7.036961358817362955e-01,2.603523967911554049e-01,7.167971005799042006e-01,5.950311085467989702e-01,1.492545522698743021e-01,6.067436700662767191e-01
4.900000000000000000e+01,7.402119040489196777e-02,7.586608129334833084e-01,6.847912818193435669e-02,6.793839443677602841e-01,1.562500000000000033e-05,3.422313183546066284e-02,7.508015842176973820e-04,3.541228175163269043e-02,3.387978672981262207e-02,3.267898410558700562e-02,8.379332556308750624e-01,1.286748391867079469e-02,7.962350929599431026e-01,7.905583798580767541e-01,8.407281518083402627e-01,4.407584294676780701e-02,2.564823022112250328e-03,3.924400731921195984e-02,3.922313824295997620e-02,4.231102392077445984e-02,7.267686735732434844e-01,-4.631084414357296980e-02,6.911637505214487387e-01,6.949401940357751162e-01,7.312300956427824072e-01,7.029199107110845057e-01,2.591818093450379279e-01,7.160876851654599529e-01,5.940760089615854111e-01,1.496395582023948290e-01,6.059397959684930113e-01
5.000000000000000000e+01,7.400795817375183105e-02,7.587116717230022456e-01,6.895548850297927856e-02,6.786920309042885346e-01,1.562500000000000033e-05,3.426167368888854980e-02,7.626800797879695892e-04,3.543539345264434814e-02,3.392482176423072815e-02,3.272671625018119812e-02,8.381962952092726349e-01,1.511591147979861501e-02,7.964156128495133435e-01,7.906491915864526376e-01,8.406184650559553884e-01,4.453875124454498291e-02,2.577062230557203293e-03,3.975343331694602966e-02,3.952994942665100098e-02,4.274510219693183899e-02,7.266604499668072314e-01,-4.458223196492587526e-02,6.906738600366506553e-01,6.944411774956404937e-01,7.307461053170095644e-01,7.032833037327306247e-01,2.605598605071994811e-01,7.163729218693219991e-01,5.936436663516281298e-01,1.501951986267247297e-01,6.057595849394554754e-01
5.100000000000000000e+01,7.396031916141510010e-02,7.588204444156778639e-01,6.863014400005340576e-02,6.790936908758734569e-01,7.812500000000000163e-06,3.413692116737365723e-02,7.510994910262525082e-04,3.537426516413688660e-02,3.385353460907936096e-02,3.261200711131095886e-02,8.382644686399454148e-01,1.308188022102995014e-02,7.964997997862565127e-01,7.907767836291867969e-01,8.409385363507724254e-01,4.423216357827186584e-02,2.566142240539193153e-03,3.925731778144836426e-02,3.924307599663734436e-02,4.241234064102172852e-02,7.267160690526045519e-01,-4.500561702199668002e-02,6.912505132660684559e-01,6.950300693337224667e-01,7.311079921821033167e-01,7.037525918327318664e-01,2.596604972250499688e-01,7.170030845765187344e-01,5.944372911073699806e-01,1.496307145817547535e-01,6.063363932073729812e-01
5.200000000000000000e+01,7.404286414384841919e-02,7.587322214436078571e-01,6.842847913503646851e-02,6.794289342471698800e-01,7.812500000000000163e-06,3.442106768488883972e-02,7.500600186176598072e-04,3.558890894055366516e-02,3.405899927020072937e-02,3.285373002290725708e-02,8.375827911430300254e-01,1.000806396061699674e-02,7.961550093123511695e-01,7.905411195725168261e-01,8.406672059300153155e-01,4.424104094505310059e-02,2.561138942837715149e-03,3.909165412187576294e-02,3.926302120089530945e-02,4.237940907478332520e-02,7.262393604584687079e-01,-4.697304013371660092e-02,6.915818450696950004e-01,6.953416939634070593e-01,7.310285711508972550e-01,7.037515881123266315e-01,2.593490121604420384e-01,7.170242547735886651e-01,5.948501568331295841e-01,1.503051924247907345e-01,6.067603716414761150e-01
5.300000000000000000e+01,7.394411414861679077e-02,7.589082204352457506e-01,6.891412287950515747e-02,6.786409377163145074e-01,7.812500000000000163e-06,3.411656618118286133e-02,7.561200181953608990e-04,3.533639386296272278e-02,3.382020443677902222e-02,3.261049091815948486e-02,8.384182125260135621e-01,1.347450164050565703e-02,7.966651069077318459e-01,7.909210879318203657e-01,8.409726186495405376e-01,4.443641379475593567e-02,2.575495280325412750e-03,3.948803246021270752e-02,3.934725001454353333e-02,4.260197654366493225e-02,7.264624128813462756e-01,-4.492169252730071616e-02,6.910776384480604717e-01,6.948302868730956705e-01,7.308118025852712307e-01,7.038877602500160924e-01,2.604512011323966703e-01,7.168206566109200928e-01,5.942641241097819105e-01,1.506141794605006801e-01,6.062041002516476151e-01
5.400000000000000000e+01,7.392707467079162598e-02,7.589561427058891807e-01,6.861757487058639526e-02,6.792102837938405191e-01,7.812500000000000163e-06,3.410711511969566345e-02,7.539343787357211113e-04,3.532993048429489136e-02,3.381805494427680969e-02,3.258174285292625427e-02,8.384573227163212294e-01,1.343556329392263556e-02,7.967542653059674906e-01,7.910186548015006869e-01,8.410707068156219046e-01,4.419975355267524719e-02,2.566630020737648010e-03,3.935048356652259827e-02,3.927299752831459045e-02,4.242260754108428955e-02,7.268259488663746382e-01,-4.525475624741872455e-02,6.913470938543981870e-01,6.949794773814913507e-01,7.311915011796514818e-01,7.041838097118391371e-01,2.597402842830944802e-01,7.173513378358902237e-01,5.947774759841911729e-01,1.489083802390555045e-01,6.065931379580811189e-01
5.500000000000000000e+01,7.392385601997375488e-02,7.589866494267065722e-01,6.861887127161026001e-02,6.791366481677373335e-01,7.812500000000000163e-06,3.417929634451866150e-02,7.513510645367205143e-04,3.537688776850700378e-02,3.386300802230834961e-02,3.263307362794876099e-02,8.382539848492945866e-01,1.177363201786748963e-02,7.966690461981060789e-01,7.909794793211437636e-01,8.410961166312816983e-01,4.425663873553276062e-02,2.563965739682316780e-03,3.914489969611167908e-02,3.919524699449539185e-02,4.238611459732055664e-02,7.264200590849773098e-01,-4.538954557201460571e-02,6.916777135098469698e-01,6.954306210124974186e-01,7.310347565704723438e-01,7.041871751738829621e-01,2.610172302922479370e-01,7.173945331961992800e-01,5.948793335077831035e-01,1.492579241646584953e-01,6.067118516448684051e-01
5.600000000000000000e+01,7.390104234218597412e-02,7.590313984640348899e-01,6.873713433742523193e-02,6.789014593016503563e-01,3.906250000000000081e-06,3.408815339207649231e-02,7.525857654400169849e-04,3.531508147716522217e-02,3.379574045538902283e-02,3.256935626268386841e-02,8.385602738553435964e-01,1.419878924255059058e-02,7.968618558929280171e-01,7.911164659726452886e-01,8.411485563414425881e-01,4.424140602350234985e-02,2.567189978435635567e-03,3.941359743475914001e-02,3.929130360484123230e-02,4.246769100427627563e-02,7.267360305674893661e-01,-4.383822998998009035e-02,6.914066254545430112e-01,6.951005224119802817e-01,7.310342552792330473e-01,7.037670912174985860e-01,2.603537193210870848e-01,7.168716165333014478e-01,5.943715592054298336e-01,1.486322814555049721e-01,6.061929777851760015e-01
5.700000000000000000e+01,7.389305531978607178e-02,7.590612997115765426e-01,6.877146661281585693e-02,6.788169545823768969e-01,3.906250000000000081e-06,3.407853841781616211e-02,7.528038695454597473e-04,3.529923036694526672e-02,3.378380462527275085e-02,3.255492076277732849e-02,8.385657556338286245e-01,1.366802477605892456e-02,7.968798475883646093e-01,7.911376521073226753e-01,8.411987646728026347e-01,4.431993886828422546e-02,2.568092662841081619e-03,3.936695307493209839e-02,3.927190229296684265e-02,4.249719157814979553e-02,7.265668445524696706e-01,-4.396652513712098059e-02,6.914423144592487525e-01,6.951731729874131016e-01,7.309757167337940231e-01,7.040719718599589561e-01,2.597343800383493662e-01,7.172191893789376937e-01,5.945753702382360339e-01,1.500487974997975205e-01,6.064006290084595907e-01
5.800000000000000000e+01,7.389108836650848389e-02,7.590821079279365113e-01,6.864210218191146851e-02,6.790535655248702840e-01,3.906250000000000081e-06,3.408404439687728882e-02,7.514621247537434101e-04,3.530421108007431030e-02,3.378131240606307983e-02,3.255092725157737732e-02,8.385453615701338181e-01,1.302198021970949783e-02,7.968779529558753794e-01,7.911628855033612240e-01,8.412554337796398496e-01,4.420122504234313965e-02,2.564340597018599510e-03,3.927265107631683350e-02,3.921697288751602173e-02,4.239579290151596069e-02,7.266445648693375947e-01,-4.444717379559801756e-02,6.915679127507405877e-01,6.952856062676244786e-01,7.311312006803187824e-01,7.041105765254725979e-01,2.602746966780722926e-01,7.173710576017287011e-01,5.945782779657607930e-01,1.498606119448649410e-01,6.063927253086925928e-01
5.900000000000000000e+01,7.387978583574295044e-02,7.591135402412501065e-01,6.871863454580307007e-02,6.788357800200096603e-01,3.906250000000000081e-06,3.406979888677597046e-02,7.515028119087219238e-04,3.529560565948486328e-02,3.377822041511535645e-02,3.254646435379981995e-02,8.386096295299003689e-01,1.304831496824474142e-02,7.969441323365829000e-01,7.912017374022887184e-01,8.412534955778548929e-01,4.426696524024009705e-02,2.565922681242227554e-03,3.926065936684608459e-02,3.922512009739875793e-02,4.244169592857360840e-02,7.265929890833195959e-01,-4.397278566651497550e-02,6.915961400629925260e-01,6.952923143918444682e-01,7.310076835430360243e-01,7.042665262807105142e-01,2.604462215678765569e-01,7.173953642941705011e-01,5.945536204270591707e-01,1.496870908961174806e-01,6.065157001891423594e-01
6.000000000000000000e+01,7.388252764940261841e-02,7.591181413440840631e-01,6.889390945434570312e-02,6.785416461834800073e-01,3.906250000000000081e-06,3.406418114900588989e-02,7.539698854088783264e-04,3.528428450226783752e-02,3.377515077590942383e-02,3.255886211991310120e-02,8.386641837447992298e-01,1.371066939550191245e-02,7.970007714188043213e-01,7.912328853261978434e-01,8.412005493833811798e-01,4.438559338450431824e-02,2.569728996604681015e-03,3.944025933742523193e-02,3.931905701756477356e-02,4.257781431078910828e-02,7.265284563617961933e-01,-4.356894337155488989e-02,6.914357353718730836e-01,6.951316652520278527e-01,7.308572341885606338e-01,7.043770461859287790e-01,2.603814410413983205e-01,7.172303772010105716e-01,5.945784658882720120e-01,1.506632505089254559e-01,6.063800969695111176e-01
6.100000000000000000e+01,7.387273758649826050e-02,7.591380952452264630e-01,6.882067769765853882e-02,6.786710856722983909e-01,1.953125000000000041e-06,3.405875340104103088e-02,7.529297145083546638e-04,3.528144583106040955e-02,3.376896679401397705e-02,3.254853561520576477e-02,8.386794705151330298e-01,1.333206258332750999e-02,7.970030067449661582e-01,7.912439314827172110e-01,8.412406684384684530e-01,4.434892535209655762e-02,2.567796269431710243e-03,3.939018025994300842e-02,3.928842395544052124e-02,4.253789409995079041e-02,7.265541872158569614e-01,-4.385312125013055007e-02,6.914712422271485082e-01,6.951633250067422720e-01,7.309300361732891105e-01,7.042788700543863856e-01,2.604222000280885796e-01,7.172652892503423860e-01,5.946291345093557279e-01,1.511494307438147888e-01,6.064235637495380971e-01
6.200000000000000000e+01,7.386703789234161377e-02,7.591583509217716408e-01,6.878287345170974731e-02,6.787449465559287631e-01,1.953125000000000041e-06,3.405569493770599365e-02,7.524365792050957680e-04,3.527704998850822449e-02,3.376202657818794250e-02,3.253472223877906799e-02,8.386829997258694602e-01,1.323213436215379610e-02,7.970294284362868797e-01,7.912813967246938862e-01,8.413086201602461012e-01,4.431223869323730469e-02,2.566335024312138557e-03,3.932631015777587891e-02,3.924960270524024963e-02,4.249086230993270874e-02,7.265629978242438280e-01,-4.379138777737946742e-02,6.916027530375390420e-01,6.952946167842135594e-01,7.309893969480427689e-01,7.043630704936616471e-01,2.603114123187638129e-01,7.174396337619356467e-01,5.946098928677130413e-01,1.498838684539691157e-01,6.064268928933377323e-01
6.300000000000000000e+01,7.386378198862075806e-02,7.591711353239952720e-01,6.875346601009368896e-02,6.787904215946508613e-01,1.953125000000000041e-06,3.405141457915306091e-02,7.523902459070086479e-04,3.527331724762916565e-02,3.375960513949394226e-02,3.253270313143730164e-02,8.387048323130544825e-01,1.333354335869335779e-02,7.970490972970505350e-01,7.913002817484470208e-01,8.413178035352149031e-01,4.431539028882980347e-02,2.566273557022213936e-03,3.934577852487564087e-02,3.925643861293792725e-02,4.249424859881401062e-02,7.265623362079524084e-01,-4.370707366764946950e-02,6.915864421925778105e-01,6.952900768888978789e-01,7.309752325850247257e-01,7.044211380876616024e-01,2.600445247303816987e-01,7.174161332377696487e-01,5.946053601700851399e-01,1.500098054017003912e-01,6.065070649622542609e-01
6.400000000000000000e+01,7.386041432619094849e-02,7.591848632500112215e-01,6.875981390476226807e-02,6.787596670729540982e-01,1.953125000000000041e-06,3.405064716935157776e-02,7.524662069045007229e-04,3.527240082621574402e-02,3.375774249434471130e-02,3.252948820590972900e-02,8.387112924144093373e-01,1.302294578321549351e-02,7.970637531795484731e-01,7.913151050426684430e-01,8.413424836725781342e-01,4.431561380624771118e-02,2.566105918958783150e-03,3.931318223476409912e-02,3.923986852169036865e-02,4.248759895563125610e-02,7.265370332909716344e-01,-4.378852233832863927e-02,6.916308979223491082e-01,6.953446915077854396e-01,7.309704792513268545e-01,7.044864896316974656e-01,2.601325858096909527e-01,7.175426151345333237e-01,5.946136477122325736e-01,1.505357118678995743e-01,6.065701164824351954e-01
6.500000000000000000e+01,7.385829091072082520e-02,7.591944312969626241e-01,6.880135834217071533e-02,6.787159792193073748e-01,1.953125000000000041e-06,3.404869511723518372e-02,7.532918243668973446e-04,3.526591882109642029e-02,3.375583514571189880e-02,3.253171965479850769e-02,8.387420160921840173e-01,1.298212217074656144e-02,7.971112247669244200e-01,7.913514884446388731e-01,8.413375716090973899e-01,4.430822283029556274e-02,2.567231422290205956e-03,3.936327248811721802e-02,3.926543518900871277e-02,4.250613600015640259e-02,7.265853209419393943e-01,-4.399628944763540883e-02,6.916326238235434021e-01,6.952995838482330937e-01,7.309527473860308877e-01,7.043544885007783085e-01,2.605473825090978135e-01,7.175832143403164665e-01,5.947142465433119529e-01,1.499549402933938735e-01,6.065932219370764322e-01
6.600000000000000000e+01,7.385799288749694824e-02,7.591964184643652525e-01,6.882705539464950562e-02,6.786551149416646389e-01,9.765625000000000203e-07,3.404753282666206360e-02,7.532588788308203220e-04,3.526713326573371887e-02,3.375719487667083740e-02,3.253504633903503418e-02,8.387530493745314342e-01,1.311174013166015000e-02,7.971105762935224437e-01,7.913442002334702963e-01,8.413230460173901637e-01,4.434497281908988953e-02,2.567409537732601166e-03,3.939156979322433472e-02,3.928204625844955444e-02,4.254020377993583679e-02,7.265576193583532794e-01,-4.380809786877342543e-02,6.915800110627365882e-01,6.952574019376672743e-01,7.309290682623268420e-01,7.044384394538160121e-01,2.606665392659714420e-01,7.175759867553506144e-01,5.947978401001591253e-01,1.502216606543103072e-01,6.065595204514789840e-01
6.700000000000000000e+01,7.385442405939102173e-02,7.592080469668579523e-01,6.882435083389282227e-02,6.786349966014195711e-01,9.765625000000000203e-07,3.404281660914421082e-02,7.532065501436591148e-04,3.526280447840690613e-02,3.375117853283882141e-02,3.252582997083663940e-02,8.387524613567336473e-01,1.282616417030815227e-02,7.971194015367014662e-01,7.913591222990923324e-01,8.413550828608020726e-01,4.433248937129974365e-02,2.567484276369214058e-03,3.934234008193016052e-02,3.925591334700584412e-02,4.251291230320930481e-02,7.265260538773286036e-01,-4.384654305560120591e-02,6.916419637579375168e-01,6.953273306445076907e-01,7.309309188534424129e-01,7.044188163836182515e-01,2.604800597638107229e-01,7.175823900361681940e-01,5.946912536330332122e-01,1.499466859396421381e-01,6.065021968314662226e-01
6.800000000000000000e+01,7.385125011205673218e-02,7.592174697873141920e-01,6.877984851598739624e-02,6.787187825605319746e-01,9.765625000000000203e-07,3.404281288385391235e-02,7.526169065386056900e-04,3.526303544640541077e-02,3.374974802136421204e-02,3.252119570970535278e-02,8.387488385398240709e-01,1.278771278289349451e-02,7.971210570854051491e-01,7.913681395971320365e-01,8.413804909853730418e-01,4.430652409791946411e-02,2.566334325820207596e-03,3.931334242224693298e-02,3.923827782273292542e-02,4.248448461294174194e-02,7.265383016802281491e-01,-4.385196201119395676e-02,6.916805989989033288e-01,6.953628290708432358e-01,7.309700191761289156e-01,7.045331328680048966e-01,2.605661182024154865e-01,7.176092069472227442e-01,5.946362432071857773e-01,1.502311185911209823e-01,6.065480537185070631e-01
6.900000000000000000e+01,7.385089248418807983e-02,7.592195159387138403e-01,6.880480051040649414e-02,6.786703087219626562e-01,9.765625000000000203e-07,3.403984382748603821e-02,7.528825663030147552e-04,3.526004776358604431e-02,3.374917432665824890e-02,3.252270445227622986e-02,8.387705950892182516e-01,1.290625462488371317e-02,7.971393162175648417e-01,7.913797979576554509e-01,8.413754890318473345e-01,4.431102052330970764e-02,2.566598588600754738e-03,3.934753686189651489e-02,3.925568982958793640e-02,4.250035062432289124e-02,7.265654690403868798e-01,-4.376043877673672228e-02,6.916484350265855729e-01,6.953206771777818984e-01,7.309668011874616012e-01,7.043966416893386873e-01,2.606618107410667573e-01,7.175701220091813548e-01,5.946437480495290195e-01,1.497313365971318366e-01,6.065656601987033936e-01
7.000000000000000000e+01,7.384822517633438110e-02,7.592302161682136230e-01,6.875126808881759644e-02,6.787736083362199135e-01,9.765625000000000203e-07,3.403988108038902283e-02,7.523288950324058533e-04,3.526004776358604431e-02,3.374648839235305786e-02,3.251736611127853394e-02,8.387638785883017034e-01,1.295544915421498362e-02,7.971419930234286966e-01,7.913919989206593675e-01,8.414022095255578870e-01,4.428989812731742859e-02,2.565580420196056366e-03,3.930439800024032593e-02,3.922981396317481995e-02,4.247271642088890076e-02,7.265628581324303781e-01,-4.367263944148249560e-02,6.917198480722283049e-01,6.954074970440233816e-01,7.309937279828554457e-01,7.044997465690026051e-01,2.601341525770927143e-01,7.176246391215380660e-01,5.945937195293234945e-01,1.498375097373199349e-01,6.065357616537053742e-01
7.100000000000000000e+01,7.384742796421051025e-02,7.592319350604844752e-01,6.878779828548431396e-02,6.786969974864018873e-01,4.882812500000000102e-07,3.403792902827262878e-02,7.526689441874623299e-04,3.525858744978904724e-02,3.374657407402992249e-02,3.251874446868896484e-02,8.387752317054135709e-01,1.297426653596104457e-02,7.971472712869134281e-01,7.913901124110515051e-01,8.413922795430537338e-01,4.431848600506782532e-02,2.566413488239049911e-03,3.932911530137062073e-02,3.924546018242835999e-02,4.249856993556022644e-02,7.265363852421433677e-01,-4.361386609240953255e-02,6.916787234591667000e-01,6.953685417359742882e-01,7.309612688061363217e-01,7.044942150199129394e-01,2.603825130327524495e-01,7.175528997265321340e-01,5.946949266362472342e-01,1.498979632292384845e-01,6.064705121903413154e-01
7.200000000000000000e+01,7.384629547595977783e-02,7.592369242690231168e-01,6.875897943973541260e-02,6.787493877042277690e-01,4.882812500000000102e-07,3.403890505433082581e-02,7.523503154516220093e-04,3.525907546281814575e-02,3.374589979648590088e-02,3.251671418547630310e-02,8.387690650055029673e-01,1.281339856984948719e-02,7.971491820793971117e-01,7.913972552844279473e-01,8.414073750026682674e-01,4.429828375577926636e-02,2.565728500485420227e-03,3.930207714438438416e-02,3.922954574227333069e-02,4.247697442770004272e-02,7.265408369248500531e-01,-4.371465947609207842e-02,6.917204669001337791e-01,6.954118541447162904e-01,7.309809753482211514e-01,7.044986222263573961e-01,2.605391548844117611e-01,7.177184098072481033e-01,5.946477436123573934e-01,1.499590331202222682e-01,6.065783797545696299e-01
7.300000000000000000e+01,7.384575158357620239e-02,7.592383550247234769e-01,6.877459585666656494e-02,6.787368471591634922e-01,4.882812500000000102e-07,3.403721749782562256e-02,7.525525288656353951e-04,3.525680676102638245e-02,3.374505788087844849e-02,3.251734003424644470e-02,8.387838041353434804e-01,1.298680787218586298e-02,7.971619408275950613e-01,7.914051327555694515e-01,8.414018303950320243e-01,4.430160298943519592e-02,2.565848408266901970e-03,3.932964801788330078e-02,3.924368694424629211e-02,4.249198734760284424e-02,7.265672817525805627e-01,-4.366252458607564058e-02,6.917016086138511044e-01,6.953791343496366073e-01,7.309827908536407071e-01,7.045366607087565347e-01,2.603618295520799264e-01,7.176030705594542702e-01,5.946557186152537922e-01,1.499420355686764683e-01,6.065067859245277804e-01
7.400000000000000000e+01,7.384476810693740845e-02,7.592420993119435302e-01,6.877503544092178345e-02,6.787101428164156181e-01,4.882812500000000102e-07,3.403580188751220703e-02,7.524897227995097637e-04,3.525628894567489624e-02,3.374406695365905762e-02,3.251542523503303528e-02,8.387856101644346474e-01,1.286165683361903400e-02,7.971637644292851599e-01,7.914080147616813221e-01,8.414107460676633066e-01,4.430518299341201782e-02,2.565874718129634857e-03,3.931842371821403503e-02,3.923838213086128235e-02,4.248779639601707458e-02,7.265481126689559144e-01,-4.363821068560683192e-02,6.917093619077130384e-01,6.953906348567669982e-01,7.309733761559726872e-01,7.045466490575339469e-01,2.603349924395566561e-01,7.175924869502542380e-01,5.946251820875391170e-01,1.498378728337707577e-01,6.065028779357365396e-01
7.500000000000000000e+01,7.384406775236129761e-02,7.592445932863587377e-01,6.878482550382614136e-02,6.786970952882852570e-01,4.882812500000000102e-07,3.403480723500251770e-02,7.525423425249755383e-04,3.525529801845550537e-02,3.374363481998443604e-02,3.251558914780616760e-02,8.387923730094527519e-01,1.290397939945394680e-02,7.971699903320152991e-01,7.914119420142448069e-01,8.414094038241078932e-01,4.431340843439102173e-02,2.566029317677021027e-03,3.932793438434600830e-02,3.924370184540748596e-02,4.249661043286323547e-02,7.265453337786746957e-01,-4.361133891078458613e-02,6.916971591873024572e-01,6.953763510319034280e-01,7.309694380647429046e-01,7.045335706016965238e-01,2.603545958564387197e-01,7.175930759529274283e-01,5.946947490359710820e-01,1.501340366412073357e-01,6.064978656579657068e-01
7.600000000000000000e+01,7.384384423494338989e-02,7.592455047153479075e-01,6.879460811614990234e-02,6.786792702447688175e-01,2.441406250000000051e-07,3.403424844145774841e-02,7.526859408244490623e-04,3.525478392839431763e-02,3.374367207288742065e-02,3.251618891954421997e-02,8.387967983174694497e-01,1.298207739110398759e-02,7.971727395693527507e-01,7.914121847881514515e-01,8.414062301533312693e-01,4.432426393032073975e-02,2.566185779869556427e-03,3.933835029602050781e-02,3.924920037388801575e-02,4.250673577189445496e-02,7.265372494917241575e-01,-4.353481517778014925e-02,6.916855408787027093e-01,6.953694498538585123e-01,7.309569554369287347e-01,7.044696611807454989e-01,2.604577053401285758e-01,7.176312405729563526e-01,5.947029163013471953e-01,1.499630222318243111e-01,6.064900414162728293e-01
7.700000000000000000e+01,7.384330034255981445e-02,7.592475408492884714e-01,6.878998875617980957e-02,6.786892896829972432e-01,2.441406250000000051e-07,3.403387218713760376e-02,7.526453700847923756e-04,3.525420650839805603e-02,3.374294564127922058e-02,3.251489251852035522e-02,8.387978860683047433e-01,1.291789018153621273e-02,7.971770066220700279e-01,7.914171626829836770e-01,8.414130776130833711e-01,4.431892931461334229e-02,2.566038398072123528e-03,3.933218866586685181e-02,3.924553468823432922e-02,4.250185191631317139e-02,7.265413026942340036e-01,-4.358544276083273217e-02,6.916996567041598931e-01,6.953817750540383091e-01,7.309637960355819253e-01,7.045210011080682566e-01,2.604949358830701556e-01,7.175926138472106253e-01,5.946801862826590623e-01,1.499783721591174401e-01,6.064749157508417809e-01
7.800000000000000000e+01,7.384283840656280518e-02,7.592492793040090948e-01,6.878716498613357544e-02,6.786879601614834723e-01,2.441406250000000051e-07,3.403363004326820374e-02,7.525213295593857765e-04,3.525402769446372986e-02,3.374262526631355286e-02,3.251438587903976440e-02,8.387984207138687864e-01,1.291558298158318463e-02,7.971782776211222554e-01,7.914187816267678199e-01,8.414157838421175706e-01,4.431392624974250793e-02,2.565849805250763893e-03,3.932710364460945129e-02,3.924268856644630432e-02,4.249707981944084167e-02,7.265474857320556312e-01,-4.355266945587480537e-02,6.917057797515240303e-01,6.953859301577227647e-01,7.309711357987455083e-01,7.045233043957239705e-01,2.603683222331531488e-01,7.175823136753968212e-01,5.946684016448912091e-01,1.498496138627144481e-01,6.064786775899770888e-01
7.900000000000000000e+01,7.384230196475982666e-02,7.592512915280015262e-01,6.878562271595001221e-02,6.786905540966907679e-01,2.441406250000000051e-07,3.403332084417343140e-02,7.525398978032171726e-04,3.525387868285179138e-02,3.374232724308967590e-02,3.251362964510917664e-02,8.387995366216894899e-01,1.291835889600419229e-02,7.971785524543268941e-01,7.914201006036511998e-01,8.414196147676397119e-01,4.431579634547233582e-02,2.565837698057293892e-03,3.932653740048408508e-02,3.924226760864257812e-02,4.249755293130874634e-02,7.265392116883692131e-01,-4.353416299094263475e-02,6.917062115172147863e-01,6.953894252664810649e-01,7.309685430879836465e-01,7.045723502969936103e-01,2.603828417577829235e-01,7.176274068902585013e-01,5.946430976119789769e-01,1.500151161462297544e-01,6.064796429504956121e-01
8.000000000000000000e+01,7.384175062179565430e-02,7.592533867142878812e-01,6.878004968166351318e-02,6.787048991617513627e-01,2.441406250000000051e-07,3.403324261307716370e-02,7.524729589931666851e-04,3.525356575846672058e-02,3.374188393354415894e-02,3.251317515969276428e-02,8.387994097499478219e-01,1.284207808673844091e-02,7.971810283619654713e-01,7.914232438747579312e-01,8.414223097420520103e-01,4.431208223104476929e-02,2.565796254202723503e-03,3.932076692581176758e-02,3.923888504505157471e-02,4.249379783868789673e-02,7.265353262665256162e-01,-4.360987276109893479e-02,6.917172291515605309e-01,6.953997079583716934e-01,7.309697180743421896e-01,7.046034461901333756e-01,2.603406270314731485e-01,7.176923641851736813e-01,5.946200294471825076e-01,1.499835254573670673e-01,6.065294849875085825e-01
8.100000000000000000e+01,7.384157180786132812e-02,7.592540148250482845e-01,6.878212839365005493e-02,6.787016942654621188e-01,1.220703125000000025e-07,3.403295204043388367e-02,7.524709799326956272e-04,3.525333106517791748e-02,3.374174237251281738e-02,3.251300752162933350e-02,8.388010979851685534e-01,1.286805345789080422e-02,7.971824437029844113e-01,7.914243923652407586e-01,8.414231137200164357e-01,4.431390762329101562e-02,2.565822796896100044e-03,3.932311758399009705e-02,3.924021497368812561e-02,4.249515011906623840e-02,7.265362939926403030e-01,-4.359152407684432906e-02,6.917144333641567222e-01,6.953964324827338617e-01,7.309704363892840506e-01,7.045855323249098356e-01,2.603215948394263513e-01,7.176845303727256153e-01,5.946591779512697684e-01,1.499648994263884927e-01,6.065344167006491150e-01
8.200000000000000000e+01,7.384124398231506348e-02,7.592553142715059433e-01,6.877865642309188843e-02,6.787069074453849771e-01,1.220703125000000025e-07,3.403303399682044983e-02,7.524581160396337509e-04,3.525324910879135132e-02,3.374147042632102966e-02,3.251240402460098267e-02,8.388002931621827418e-01,1.285189799914386241e-02,7.971831846312931180e-01,7.914261654760150755e-01,8.414265141840348017e-01,4.431011900305747986e-02,2.565698465332388878e-03,3.931884840130805969e-02,3.923783078789710999e-02,4.249186813831329346e-02,7.265371238290937450e-01,-4.359394638377188380e-02,6.917226581550535158e-01,6.954046287957567074e-01,7.309731631755814751e-01,7.045863338406049836e-01,2.603898262295602506e-01,7.176850641376045781e-01,5.946132431486004233e-01,1.499944031246615295e-01,6.065154839183914959e-01
8.300000000000000000e+01,7.384116947650909424e-02,7.592555428267956374e-01,6.878234446048736572e-02,6.786977871031489862e-01,1.220703125000000025e-07,3.403250873088836670e-02,7.524641114287078381e-04,3.525291383266448975e-02,3.374139219522476196e-02,3.251268342137336731e-02,8.388034308592842159e-01,1.286118079866887219e-02,7.971851915701968494e-01,7.914270166485634084e-01,8.414248510171487005e-01,4.431249573826789856e-02,2.565749688073992729e-03,3.932271897792816162e-02,3.924000263214111328e-02,4.249477759003639221e-02,7.265388658411071621e-01,-4.357647145912260656e-02,6.917165278347672253e-01,6.953975117307398257e-01,7.309714151166466500e-01,7.045821751004244238e-01,2.604493685809247117e-01,7.176574313589998422e-01,5.946527515695854138e-01,1.500075920580503930e-01,6.065219547387460386e-01
8.400000000000000000e+01,7.384101301431655884e-02,7.592561173031463495e-01,6.878465414047241211e-02,6.786928206559680321e-01,1.220703125000000025e-07,3.403222188353538513e-02,7.524812826886773109e-04,3.525261208415031433e-02,3.374131396412849426e-02,3.251277655363082886e-02,8.388054668611771847e-01,1.288232527390829885e-02,7.971868143034325227e-01,7.914274756519895648e-01,8.414242358555368284e-01,4.431575536727905273e-02,2.565785776823759079e-03,3.932610899209976196e-02,3.924175724387168884e-02,4.249788075685501099e-02,7.265374474000799720e-01,-4.355399555772837550e-02,6.917126930882332436e-01,6.953944125996591730e-01,7.309686335699475679e-01,7.045656188179587609e-01,2.603027630192574771e-01,7.176328423719261496e-01,5.947095988439942138e-01,1.499391424590480193e-01,6.064927956931760455e-01
8.500000000000000000e+01,7.384078949689865112e-02,7.592569644339807189e-01,6.878490000963211060e-02,6.786930092722203156e-01,1.220703125000000025e-07,3.403204679489135742e-02,7.525124819949269295e-04,3.525235131382942200e-02,3.374113515019416809e-02,3.251254186034202576e-02,8.388069658358396907e-01,1.288134473687707442e-02,7.971886415880290455e-01,7.914294217274641108e-01,8.414256128810029267e-01,4.431478679180145264e-02,2.565764822065830231e-03,3.932691738009452820e-02,3.924202546477317810e-02,4.249817878007888794e-02,7.265391742036384493e-01,-4.355622805098182532e-02,6.917147507610088564e-01,6.953959367954097859e-01,7.309684479840039550e-01,7.045601733954949264e-01,2.603513579271238276e-01,7.176213470597534450e-01,5.947133016790747684e-01,1.500074608919187980e-01,6.064952185575736010e-01
8.600000000000000000e+01,7.384065538644790649e-02,7.592574665968447878e-01,6.878536194562911987e-02,6.786914948373095058e-01,6.103515625000000127e-08,3.403199836611747742e-02,7.525017717853188515e-04,3.525232523679733276e-02,3.374101221561431885e-02,3.251234069466590881e-02,8.388068230557744753e-01,1.288114312314406033e-02,7.971888863390058644e-01,7.914299216934641557e-01,8.414265985153362992e-01,4.431511834263801575e-02,2.565769013017416000e-03,3.932605683803558350e-02,3.924153372645378113e-02,4.249782115221023560e-02,7.265376296859851202e-01,-4.354914836688338758e-02,6.917158985239136859e-01,6.953969416912415547e-01,7.309685516155333129e-01,7.045746082368240515e-01,2.603281136968023102e-01,7.176291244331050034e-01,5.946897847653089819e-01,1.499804875259940495e-01,6.064681921338993531e-01
8.700000000000000000e+01,7.384049892425537109e-02,7.592581252001430192e-01,6.878146529197692871e-02,6.786970781020539301e-01,6.103515625000000127e-08,3.403198346495628357e-02,7.524534012190997601e-04,3.525232523679733276e-02,3.374084830284118652e-02,3.251186385750770569e-02,8.388062921438428354e-01,1.285529448008124360e-02,7.971890467533939706e-01,7.914307385584660182e-01,8.414292643682883543e-01,4.431122168898582458e-02,2.565653529018163681e-03,3.932204842567443848e-02,3.923913463950157166e-02,4.249394685029983521e-02,7.265393608617624066e-01,-4.355918193315502090e-02,6.917215706868382608e-01,6.954026408350109101e-01,7.309725373821422956e-01,7.045763057575286092e-01,2.604584830164041187e-01,7.176771468530563913e-01,5.946346887913755985e-01,1.500351875010884628e-01,6.065046738476465027e-01
8.800000000000000000e+01,7.384046167135238647e-02,7.592581970838595540e-01,6.878416240215301514e-02,6.786925240933208148e-01,6.103515625000000127e-08,3.403175622224807739e-02,7.524834363721311092e-04,3.525208309292793274e-02,3.374082222580909729e-02,3.251218423247337341e-02,8.388081307509378526e-01,1.287977566147948359e-02,7.971905644188610474e-01,7.914313681642133336e-01,8.414275183372501576e-01,4.431424289941787720e-02,2.565718488767743111e-03,3.932558745145797729e-02,3.924130648374557495e-02,4.249723255634307861e-02,7.265394931948990775e-01,-4.354391518277492962e-02,6.917166937225108780e-01,6.953973994024058580e-01,7.309693449320446845e-01,7.045572435399114486e-01,2.604341804111639513e-01,7.176220301360969334e-01,5.946961064119625773e-01,1.500233696824784801e-01,6.064880954650845313e-01
8.900000000000000000e+01,7.384029030799865723e-02,7.592588416383950767e-01,6.878530234098434448e-02,6.786907308847963671e-01,6.103515625000000127e-08,3.403172641992568970e-02,7.524934480898082256e-04,3.525204956531524658e-02,3.374072909355163574e-02,3.251195698976516724e-02,8.388079998597374187e-01,1.285973065136225557e-02,7.971905340140849061e-01,7.914315168994306982e-01,8.414286353669602203e-01,4.431518539786338806e-02,2.565739909186959267e-03,3.932371735572814941e-02,3.924037888646125793e-02,4.249738156795501709e-02,7.265349434627734748e-01,-4.355266825696703370e-02,6.917192757480543630e-01,6.954008652579258820e-01,7.309671358729116220e-01,7.045951840027602220e-01,2.603984895220823326e-01,7.176454696352005946e-01,5.946669977129109830e-01,1.500150843085140129e-01,6.065078118231717053e-01
9.000000000000000000e+01,7.384024560451507568e-02,7.592589815622370342e-01,6.878662854433059692e-02,6.786872111651661710e-01,6.103515625000000127e-08,3.403151780366897583e-02,7.525053806602954865e-04,3.525184467434883118e-02,3.374070301651954651e-02,3.251203522086143494e-02,8.388095273435798305e-01,1.288602643089067391e-02,7.971917896344620225e-01,7.914320260309315458e-01,8.414282046279620841e-01,4.431668296456336975e-02,2.565750852227210999e-03,3.932708129286766052e-02,3.924205899238586426e-02,4.249926283955574036e-02,7.265362642778231406e-01,-4.352896532328424939e-02,6.917156878392199948e-01,6.953972628424811564e-01,7.309666010841625594e-01,7.045929596927821281e-01,2.603319831820790631e-01,7.176124977267835936e-01,5.947155909900989634e-01,1.500133197588947864e-01,6.064861710188992339e-01
9.100000000000000000e+01,7.384020835161209106e-02,7.592591999532144476e-01,6.878478825092315674e-02,6.786907400245709709e-01,3.051757812500000064e-08,3.403148800134658813e-02,7.524882094003260136e-04,3.525181859731674194e-02,3.374062478542327881e-02,3.251189738512039185e-02,8.388095407451954255e-01,1.288266109762192801e-02,7.971921787775436696e-01,7.914326690906120509e-01,8.414290197784786152e-01,4.431480169296264648e-02,2.565704286098480225e-03,3.932609409093856812e-02,3.924139589071273804e-02,4.249767586588859558e-02,7.265381563509710761e-01,-4.353308616873516335e-02,6.917175677020440672e-01,6.953986088811809907e-01,7.309686103713796124e-01,7.045615633695593294e-01,2.604051868667207614e-01,7.176237867588495245e-01,5.947060464926945400e-01,1.500233696824784801e-01,6.064947997489833487e-01
9.200000000000000000e+01,7.384015619754791260e-02,7.592593550873523167e-01,6.878647208213806152e-02,6.786876451280760003e-01,3.051757812500000064e-08,3.403145074844360352e-02,7.525037508457899094e-04,3.525175899267196655e-02,3.374061733484268188e-02,3.251193836331367493e-02,8.388098515693578339e-01,1.288854883971146843e-02,7.971923768690059031e-01,7.914326221441261300e-01,8.414287210419628682e-01,4.431643337011337280e-02,2.565742935985326767e-03,3.932698071002960205e-02,3.924198821187019348e-02,4.249908775091171265e-02,7.265362154478679502e-01,-4.352579619384163573e-02,6.917163946479810699e-01,6.953980862354930403e-01,7.309667855135016934e-01,7.045927827981236513e-01,2.603319831820789521e-01,7.176149981024843028e-01,5.947149310904226160e-01,1.500133197588947864e-01,6.064893828394035680e-01
9.300000000000000000e+01,7.384005188941955566e-02,7.592597312053606107e-01,6.878483295440673828e-02,6.786909121005144652e-01,3.051757812500000064e-08,3.403146192431449890e-02,7.524769753217697144e-04,3.525178134441375732e-02,3.374053910374641418e-02,3.251170739531517029e-02,8.388094078660112141e-01,1.287648853806399978e-02,7.971922285728313406e-01,7.914329535160573581e-01,8.414299732438061952e-01,4.431525245308876038e-02,2.565703587606549263e-03,3.932488709688186646e-02,3.924074769020080566e-02,4.249750077724456787e-02,7.265357885253472814e-01,-4.353274151532927211e-02,6.917193772524443673e-01,6.954011696020252487e-01,7.309682985901100327e-01,7.045821656613301398e-01,2.603716437192112876e-01,7.176341477145040670e-01,5.946651350709240003e-01,1.500116817574525252e-01,6.064970757030357928e-01
9.400000000000000000e+01,7.384003698825836182e-02,7.592598250878522803e-01,6.878440082073211670e-02,6.786915736599438143e-01,3.051757812500000064e-08,3.403140977025032043e-02,7.524730172008275986e-04,3.525171428918838501e-02,3.374050557613372803e-02,3.251172974705696106e-02,8.388099156476962470e-01,1.288217514632060239e-02,7.971928425461310974e-01,7.914334422542249614e-01,8.414299001523827259e-01,4.431444406509399414e-02,2.565679373219609261e-03,3.932536020874977112e-02,3.924096375703811646e-02,4.249730333685874939e-02,7.265378552241129606e-01,-4.352993377027201266e-02,6.917192992929148687e-01,6.954003250687582627e-01,7.309692020338294238e-01,7.045762255823708742e-01,2.604358357890331765e-01,7.176232627102006045e-01,5.946786759014017765e-01,1.500212587487906313e-01,6.064821239710806999e-01
9.500000000000000000e+01,7.383998483419418335e-02,7.592600101050006600e-01,6.878530979156494141e-02,6.786894059348558272e-01,3.051757812500000064e-08,3.403134271502494812e-02,7.524781976826488972e-04,3.525166958570480347e-02,3.374048322439193726e-02,3.251170367002487183e-02,8.388102170949283121e-01,1.288044713519377778e-02,7.971930096577624081e-01,7.914334681797300375e-01,8.414299860524346863e-01,4.431550577282905579e-02,2.565699862316250801e-03,3.932575881481170654e-02,3.924120590090751648e-02,4.249799251556396484e-02,7.265363510157561988e-01,-4.352715274373691184e-02,6.917185553248700325e-01,6.953999405724098359e-01,7.309679980559858903e-01,7.045761633912448474e-01,2.603462559770770568e-01,7.176302596779069454e-01,5.947031153079607169e-01,1.500050351331084220e-01,6.064831217543198427e-01
9.600000000000000000e+01,7.383995503187179565e-02,7.592600907416536815e-01,6.878513842821121216e-02,6.786895608632240728e-01,1.525878906250000032e-08,3.403133153915405273e-02,7.524766842834651470e-04,3.525165468454360962e-02,3.374046087265014648e-02,3.251166269183158875e-02,8.388102445881434610e-01,1.287876119865878459e-02,7.971931277562396279e-01,7.914336132484262043e-01,8.414302014089228843e-01,4.431528970599174500e-02,2.565695205703377724e-03,3.932547196745872498e-02,3.924105316400527954e-02,4.249780252575874329e-02,7.265364314393676359e-01,-4.352784442503602330e-02,6.917190556631696019e-01,6.954004221614563663e-01,7.309681384953337080e-01,7.045796426101041954e-01,2.603686787907350531e-01,7.176251042485074505e-01,5.946855062628528810e-01,1.500116817574525530e-01,6.064711847758579299e-01
9.700000000000000000e+01,7.383995503187179565e-02,7.592601247462340552e-01,6.878579407930374146e-02,6.786883116462115728e-01,1.525878906250000032e-08,3.403129801154136658e-02,7.524808170273900032e-04,3.525161743164062500e-02,3.374044969677925110e-02,3.251168131828308105e-02,8.388104438230727933e-01,1.288033268163253815e-02,7.971933213599879942e-01,7.914336813412612415e-01,8.414300976977928670e-01,4.431581869721412659e-02,2.565705683082342148e-03,3.932586312294006348e-02,3.924128785729408264e-02,4.249826446175575256e-02,7.265361439215017869e-01,-4.352525119402100157e-02,6.917185449791748431e-01,6.953998920366425418e-01,7.309676485087723830e-01,7.045814222303738994e-01,2.603621248553421030e-01,7.176448283744250034e-01,5.946995552200793345e-01,1.500081219650731545e-01,6.064704871930436392e-01
9.800000000000000000e+01,7.383993268013000488e-02,7.592602001276966828e-01,6.878568232059478760e-02,6.786886169393473445e-01,1.525878906250000032e-08,3.403128311038017273e-02,7.524821558035910130e-04,3.525160253047943115e-02,3.374043479561805725e-02,3.251165896654129028e-02,8.388105477251399655e-01,1.287998206379720699e-02,7.971934239188510629e-01,7.914337923478775849e-01,8.414301993859680806e-01,4.431578144431114197e-02,2.565704751759767532e-03,3.932588547468185425e-02,3.924129158258438110e-02,4.249825328588485718e-02,7.265360846363362324e-01,-4.352577744382542940e-02,6.917186130971123559e-01,6.954000034079913517e-01,7.309676752743959893e-01,7.045821787237327438e-01,2.603436349183232967e-01,7.176446004332979189e-01,5.946967389714368224e-01,1.500050351331084220e-01,6.064820982365239921e-01
9.900000000000000000e+01,7.383990287780761719e-02,7.592603118508879367e-01,6.878523528575897217e-02,6.786894332171095057e-01,1.525878906250000032e-08,3.403129056096076965e-02,7.524752872996032238e-04,3.525159880518913269e-02,3.374041244387626648e-02,3.251160308718681335e-02,8.388104348751361794e-01,1.287956635565175832e-02,7.971934765391411881e-01,7.914339394698386432e-01,8.414305236262171750e-01,4.431536793708801270e-02,2.565694041550159454e-03,3.932544589042663574e-02,3.924101591110229492e-02,4.249782860279083252e-02,7.265361509775541959e-01,-4.352594174747086847e-02,6.917194177689963697e-01,6.954008303864814833e-01,7.309681229655714541e-01,7.045798384629923250e-01,2.603483933118209137e-01,7.176332656607433691e-01,5.946879085172595003e-01,1.500050351331084220e-01,6.064702946369677772e-01
