1.564469486474990845e-01,4.310127518591099771e-01,1.214289367198944092e-01,3.685890808233636129e-01,9.499999999999999981e-04,1.136517599225044250e-01,5.196149460971355438e-03,1.211007535457611084e-01,7.992023974657058716e-02,1.119552478194236755e-01,9.688492500201481561e-02,-8.117141581066487921e-03,8.383240405360574410e-02,3.531180428348415501e-01,2.005229333732095609e-01,9.117400646209716797e-02,8.942667394876480103e-03,9.290853142738342285e-02,7.114474475383758545e-02,9.265800565481185913e-02,1.228915454241115146e-01,-5.866964666050757810e-02,1.190228337505276623e-01,2.602083392915101046e-01,1.133980723810977947e-01,3.472113636671610992e-01,3.202225926613363333e-02,5.000339478267301629e-01,2.804418135895984099e-01,3.070536056939409536e-02,4.621315753466189724e-01
1.136002242565155029e-01,5.885712488167103018e-01,8.981491625308990479e-02,5.420857915299892582e-01,1.000000000000000021e-03,1.097890362143516541e-01,1.092916238121688366e-03,8.853457123041152954e-02,7.148168981075286865e-02,9.795872867107391357e-02,2.462968547162074362e-01,-4.650321244161659262e-02,4.699356584059429798e-01,4.973470827622574753e-01,4.845465832739904166e-01,8.949346840381622314e-02,4.692347720265388489e-03,7.164403051137924194e-02,6.471810489892959595e-02,8.225099742412567139e-02,2.001286381122988900e-01,-1.127861607792026155e-01,3.750346407991564379e-01,4.049159987099767433e-01,3.734943830494543704e-01,5.544584224740969347e-01,1.562939964602052811e-01,5.504333438256733269e-01,4.868089469806574088e-01,1.035328041561880130e-01,5.009419715597926981e-01
1.084324568510055542e-01,6.159762032070367210e-01,8.644942194223403931e-02,5.698634617093643051e-01,1.000000000000000021e-03,9.369476139545440674e-02,1.745363231748342514e-03,7.858058810234069824e-02,6.858576089143753052e-02,8.052426576614379883e-02,6.198044277999452678e-01,-6.889760192297085528e-02,5.944807120287639579e-01,6.561119564204647148e-01,6.589086621365768393e-01,7.697079330682754517e-02,5.265963263809680939e-03,6.452479213476181030e-02,6.059872359037399292e-02,6.889316439628601074e-02,5.679020402918434351e-01,-1.306554098599591041e-01,5.002547627876472447e-01,5.866756492366723696e-01,5.870682417092761840e-01,5.941596975969145600e-01,1.769713309160124148e-01,5.791109496056857653e-01,5.246438020096513277e-01,1.035760998178813924e-01,5.248093537412008569e-01
9.979517757892608643e-02,6.520254344782373535e-01,8.105154335498809814e-02,6.023490879966082456e-01,1.000000000000000021e-03,5.503349006175994873e-02,3.002023091539740562e-03,5.397424846887588501e-02,5.212880298495292664e-02,5.290553346276283264e-02,7.443514956310389730e-01,-5.511091021003677870e-02,7.154450273127473947e-01,7.070792139957002842e-01,7.431969954022338287e-01,5.130055546760559082e-02,6.272408179938793182e-03,4.791014268994331360e-02,5.173680186271667480e-02,5.124101042747497559e-02,6.790795066949378844e-01,-5.115900456756924952e-02,6.346790272386569898e-01,6.397418242454016024e-01,6.804395651351176078e-01,6.273404605041723592e-01,2.157919782009107834e-01,6.056527983488390054e-01,5.543101058826417349e-01,1.273053456410262740e-01,5.424157485234670784e-01
9.374955296516418457e-02,6.762724987439786561e-01,7.749938964843750000e-02,6.239760964032392554e-01,1.000000000000000021e-03,5.258091166615486145e-02,3.723651636391878128e-03,4.578560218214988708e-02,4.484010487794876099e-02,5.027724429965019226e-02,7.592534054131115928e-01,1.580435795072285959e-02,7.382699110229026251e-01,7.242887824416571751e-01,7.491421812363810995e-01,5.299392715096473694e-02,6.072427146136760712e-03,4.371719807386398315e-02,4.517691209912300110e-02,4.901728406548500061e-02,6.836681681725579329e-01,5.725444291382885548e-02,6.586821863874789962e-01,6.537961576281391407e-01,6.869868237312091175e-01,6.436203603320334032e-01,2.018842511673416829e-01,6.625487390743913796e-01,5.674476325969926016e-01,1.140952762200990872e-01,5.889782550559663488e-01
9.656919538974761963e-02,6.852617166000583016e-01,8.064159750938415527e-02,6.302449217915985225e-01,1.000000000000000021e-03,4.897844418883323669e-02,2.902236999943852425e-03,4.636183381080627441e-02,4.246722534298896790e-02,4.885397478938102722e-02,7.663253821319347958e-01,7.378898249155598334e-04,7.467487751265940998e-01,7.338451250036337470e-01,7.561538130003027103e-01,4.896401613950729370e-02,5.550429690629243851e-03,4.351462423801422119e-02,4.312857985496520996e-02,4.787504300475120544e-02,6.895177092122444229e-01,4.357593001240086389e-02,6.670738635942869976e-01,6.622301575835323195e-01,6.924648358699936335e-01,6.437545277029695923e-01,1.919364857745556319e-01,6.764016116329865103e-01,5.640214900093465378e-01,1.101790409911100194e-01,5.981401719322001487e-01
9.590911120176315308e-02,6.932802482244160291e-01,8.242284506559371948e-02,6.354511501757341696e-01,1.000000000000000021e-03,4.730696976184844971e-02,2.349627437070012093e-03,4.239426180720329285e-02,4.199016466736793518e-02,4.567122831940650940e-02,7.736670321686192064e-01,7.386311941075081322e-02,7.501998788239380156e-01,7.333207941799831930e-01,7.769534026623152734e-01,4.949626699090003967e-02,4.856131039559841156e-03,4.319831728935241699e-02,4.546608403325080872e-02,4.785938933491706848e-02,6.933331055965838985e-01,1.358709205926876273e-01,6.666062907833235629e-01,6.595873663246764051e-01,7.050243368844943959e-01,6.522615116892503950e-01,2.598546395011361310e-01,6.823757353827475391e-01,5.705294536289773344e-01,1.763397632230474521e-01,6.002501228284585766e-01
8.918527513742446899e-02,7.010694181869943087e-01,7.465577870607376099e-02,6.437869250769965301e-01,1.000000000000000021e-03,4.532102495431900024e-02,2.388254739344120026e-03,4.165483638644218445e-02,4.056977480649948120e-02,4.538578540086746216e-02,7.779193692679614580e-01,7.486910814753583443e-02,7.534764309787291836e-01,7.377574894069492961e-01,7.798948147706652456e-01,4.756700992584228516e-02,4.775288514792919159e-03,4.276132583618164062e-02,4.368108510971069336e-02,4.764890298247337341e-02,6.962037349526873919e-01,1.180305369098962193e-01,6.688349018006251034e-01,6.619110958463889638e-01,7.075875664411146460e-01,6.570265776206080099e-01,2.370526997727044061e-01,6.878962946064309802e-01,5.738037702887558433e-01,1.527622455892083952e-01,6.026048437528058743e-01
8.864559978246688843e-02,7.072961913899641351e-01,7.553865015506744385e-02,6.500101705083930481e-01,1.000000000000000021e-03,4.435732215642929077e-02,2.367075765505433083e-03,4.072371125221252441e-02,3.960496187210083008e-02,4.254060238599777222e-02,7.842374958541125096e-01,8.128955148554606325e-02,7.616535311465800762e-01,7.494543209162599640e-01,7.874540497987324583e-01,4.630540683865547180e-02,4.529323428869247437e-03,4.155220463871955872e-02,4.182038456201553345e-02,4.370377585291862488e-02,7.062135801281198555e-01,1.221097274213876066e-01,6.780734282237487198e-01,6.748354775551184126e-01,7.193272560443246810e-01,6.494295275706806203e-01,2.548283871847575321e-01,6.777769717797390570e-01,5.678006205179005894e-01,1.674121800819663997e-01,5.926398630508027399e-01
8.641282469034194946e-02,7.131676337245134167e-01,7.382813841104507446e-02,6.537770370309347046e-01,1.000000000000000021e-03,4.894874244928359985e-02,2.492604078724980354e-03,4.744950681924819946e-02,4.741228371858596802e-02,4.953458160161972046e-02,7.873565408589590087e-01,1.821983305173824688e-02,7.660359906963327692e-01,7.575543728957995215e-01,7.872792869902881518e-01,5.190039798617362976e-02,5.269307177513837814e-03,4.594741016626358032e-02,4.827867820858955383e-02,5.099806934595108032e-02,7.023854195937643263e-01,3.331006082971828264e-02,6.791375502966625621e-01,6.788344560635368730e-01,7.149889436693853684e-01,6.626359357272477713e-01,2.232253304636626634e-01,6.882957143673741340e-01,5.754604222312654782e-01,1.355823990753625974e-01,5.966657639288991399e-01
8.391481637954711914e-02,7.174821429672220141e-01,7.189434021711349487e-02,6.573088778601449134e-01,1.000000000000000021e-03,4.256786778569221497e-02,1.436106045730412006e-03,3.953705728054046631e-02,3.865461423993110657e-02,4.122907295823097229e-02,7.938154437273514663e-01,6.411634828469825464e-02,7.689773891786301219e-01,7.564932114116239559e-01,7.982565141546824616e-01,4.606781527400016785e-02,4.436419811099767685e-03,4.028945788741111755e-02,4.139927029609680176e-02,4.399500787258148193e-02,7.071868416300595150e-01,5.701617614938513795e-02,6.792099912479205859e-01,6.759998702752858524e-01,7.216251174782495337e-01,6.693365820859886739e-01,2.357972328690125241e-01,6.924129947338528712e-01,5.807657320734501694e-01,1.424155209714643711e-01,5.970034016860474857e-01
8.406758308410644531e-02,7.186826886199177977e-01,7.310312986373901367e-02,6.564960446309661135e-01,1.000000000000000021e-03,4.688759520649909973e-02,1.355366548523306847e-03,4.799348860979080200e-02,4.135794937610626221e-02,4.544276744127273560e-02,7.970100249906478806e-01,1.210226330412331741e-01,7.696846999054581806e-01,7.543933148178070258e-01,8.045775835888925309e-01,5.156580731272697449e-02,4.184659570455551147e-03,5.272270739078521729e-02,4.646948724985122681e-02,5.029037222266197205e-02,7.097060337164692312e-01,1.022817263882337818e-01,6.808599399286785481e-01,6.725836683883243960e-01,7.260908993882223550e-01,6.635038132791475363e-01,2.765861481772621255e-01,6.894426213622961708e-01,5.751072842352763503e-01,1.872670572422030499e-01,5.952938292636610340e-01
8.333250135183334351e-02,7.205672969945796646e-01,7.201345264911651611e-02,6.565586651675838770e-01,1.000000000000000021e-03,4.263058677315711975e-02,1.543036079965531826e-03,4.003087803721427917e-02,4.259397834539413452e-02,4.092969000339508057e-02,7.962626075903784795e-01,6.941254299506084691e-02,7.713388808573821143e-01,7.612549009585588555e-01,8.029030477897109996e-01,4.715975746512413025e-02,4.735476337373256683e-03,4.242862761020660400e-02,4.779485240578651428e-02,4.478853940963745117e-02,7.025199290893712201e-01,4.538310047600691705e-02,6.803511645030848598e-01,6.777209765334921698e-01,7.230505863142439038e-01,6.713620367726805815e-01,2.619565630837096815e-01,6.918741313617867705e-01,5.787334954067814285e-01,1.733862376125532290e-01,5.925124720778366383e-01
8.441907912492752075e-02,7.232059097886390786e-01,7.297227531671524048e-02,6.588398597695380721e-01,1.000000000000000021e-03,4.212558642029762268e-02,9.631608263589441776e-04,4.019189998507499695e-02,3.789872676134109497e-02,4.075354710221290588e-02,8.022818095560814156e-01,9.476740908121925044e-02,7.755314586047252767e-01,7.622382632492652466e-01,8.110315336061010294e-01,4.585535824298858643e-02,4.239311907440423965e-03,4.388672485947608948e-02,4.178206995129585266e-02,4.444766789674758911e-02,7.151565727825258678e-01,2.276114324628157257e-02,6.867592035183330834e-01,6.822848004927871690e-01,7.306718935454886710e-01,6.803362900158357318e-01,2.395396454227140814e-01,7.006258854575774242e-01,5.895351620852720131e-01,1.605140320956277011e-01,6.045577485682659402e-01
8.123507350683212280e-02,7.283180757866418720e-01,7.096116989850997925e-02,6.637754834501932155e-01,1.000000000000000021e-03,5.095469951629638672e-02,7.263256702572107315e-04,4.375360533595085144e-02,4.321087524294853210e-02,4.253523051738739014e-02,8.064836806283512960e-01,6.479399375896437163e-02,7.799704658742125929e-01,7.671629306729009778e-01,8.151442972695835953e-01,5.676718428730964661e-02,4.021409433335065842e-03,4.894191399216651917e-02,4.949992522597312927e-02,4.861398041248321533e-02,7.188015556589597566e-01,-1.118140250974780127e-02,6.911417678087820038e-01,6.867955467645178169e-01,7.352599711587038955e-01,6.784794995998379985e-01,2.544192978078430589e-01,6.957551767923267905e-01,5.861600362329898450e-01,1.644815509572614132e-01,5.993867421067829993e-01
8.053673058748245239e-02,7.313352673086640499e-01,7.127655297517776489e-02,6.633454046457054609e-01,1.000000000000000021e-03,3.964235261082649231e-02,7.810106617398560047e-04,3.835587948560714722e-02,3.741881623864173889e-02,3.719779103994369507e-02,8.090026065601683136e-01,9.869599895877248508e-02,7.803175355884560682e-01,7.663784607037976704e-01,8.161333592229981226e-01,4.585614800453186035e-02,4.003757610917091370e-03,4.093812033534049988e-02,4.199386760592460632e-02,4.265275597572326660e-02,7.158831336325122141e-01,3.064821818620022328e-02,6.858240435865829987e-01,6.800961702625669680e-01,7.316785251601363171e-01,6.817555428772640314e-01,2.777975498882144789e-01,6.957994686553881092e-01,5.876885604384427531e-01,1.915625665480356898e-01,5.965921146010283449e-01
7.951151579618453979e-02,7.371205675306716776e-01,7.061507552862167358e-02,6.677579486313385271e-01,1.000000000000000021e-03,3.877860307693481445e-02,7.720378343947231770e-04,3.628156334161758423e-02,3.592736646533012390e-02,3.627368807792663574e-02,8.132591164375309045e-01,1.095558175093580000e-01,7.866930874049381517e-01,7.754680464083691938e-01,8.202831402250589932e-01,4.524855688214302063e-02,4.048378206789493561e-03,3.957691416144371033e-02,4.101441055536270142e-02,4.170551151037216187e-02,7.173771595071065654e-01,1.294813987291099262e-02,6.913876468907660389e-01,6.881639351788761960e-01,7.342227848653867239e-01,6.932503142989900891e-01,2.567480728981349491e-01,7.089647998180171884e-01,5.959762429516005655e-01,1.552111860297510360e-01,6.063004216949391401e-01
7.921284437179565430e-02,7.384964419000996649e-01,7.058241963386535645e-02,6.685956303284277258e-01,1.000000000000000021e-03,4.021781682968139648e-02,7.399127935059368610e-04,3.625473752617835999e-02,3.520702198147773743e-02,3.827852010726928711e-02,8.155818385498757594e-01,1.156158553730358696e-01,7.897257866540046134e-01,7.791584688838548711e-01,8.234540950281615812e-01,4.670164734125137329e-02,3.978260792791843414e-03,3.893652185797691345e-02,3.971968963742256165e-02,4.431428387761116028e-02,7.196309991426567132e-01,2.183378519845205826e-02,6.941619140641777097e-01,6.928663538126431654e-01,7.359999943860895399e-01,7.017785724138841941e-01,2.808200914793033132e-01,7.178060711857066067e-01,6.029115857250784138e-01,1.876303230833168967e-01,6.145707136234483947e-01
7.876802980899810791e-02,7.398229798761443154e-01,7.054370641708374023e-02,6.677089589045758222e-01,1.000000000000000021e-03,4.448103159666061401e-02,8.360670180991292000e-04,4.784207791090011597e-02,5.121625214815139771e-02,4.777767509222030640e-02,8.147078218599599353e-01,1.029725330163858005e-01,7.891901554920423001e-01,7.820021907119460991e-01,8.211595578712280741e-01,5.085937306284904480e-02,4.045093432068824768e-03,4.797190055251121521e-02,5.298500880599021912e-02,5.269399657845497131e-02,7.148930204006005429e-01,7.937621243315930294e-04,6.921698098150644851e-01,6.946983380383114914e-01,7.313945602831749548e-01,7.011460268484642766e-01,2.683910484322107881e-01,7.133049897728814814e-01,5.987626505071921290e-01,1.688759532848247980e-01,6.056067694103544063e-01
7.874248921871185303e-02,7.452844075228550746e-01,7.055381685495376587e-02,6.693580398276237631e-01,1.000000000000000021e-03,3.704510256648063660e-02,8.682884508743882179e-04,3.848389908671379089e-02,3.449192270636558533e-02,3.523126617074012756e-02,8.228633899496688997e-01,1.084943847969979530e-01,7.981203472221298778e-01,7.883012879142935470e-01,8.304330555219640031e-01,4.416453465819358826e-02,4.198923707008361816e-03,4.368701577186584473e-02,4.023977369070053101e-02,4.209104925394058228e-02,7.233556295920976487e-01,1.332890468239703897e-02,7.011905368351317724e-01,7.002049247740862459e-01,7.401450036282892775e-01,6.869336988854756187e-01,2.714864089023389937e-01,7.022280398793586675e-01,5.858272006813364241e-01,1.693322157098034464e-01,5.961301916605736828e-01
7.879884541034698486e-02,7.489200943749962924e-01,7.189496606588363647e-02,6.729730792918638960e-01,1.000000000000000021e-03,3.996594622731208801e-02,1.265759463422000408e-03,3.870278596878051758e-02,3.862370923161506653e-02,3.613391891121864319e-02,8.249888253397656968e-01,1.127462490699113334e-01,7.959123386971629355e-01,7.842316672893419049e-01,8.305077340942291775e-01,4.771088436245918274e-02,4.614368546754121780e-03,4.432979971170425415e-02,4.560534283518791199e-02,4.356953501701354980e-02,7.210505177461556947e-01,1.730823317566238320e-02,6.958351112535970939e-01,6.912096733110889568e-01,7.371950395987848514e-01,6.970990716785008257e-01,2.789392896015419621e-01,7.117082985485188029e-01,5.932710324074791375e-01,1.819847723802818784e-01,6.040047172920610663e-01
7.549996674060821533e-02,7.515049070400671161e-01,6.985691189765930176e-02,6.718993932142500736e-01,5.000000000000000104e-04,3.601689264178276062e-02,7.664223667234182358e-04,3.455159440636634827e-02,3.324802219867706299e-02,3.372063860297203064e-02,8.300884263430321486e-01,8.120392120439315353e-02,8.004558991082674213e-01,7.911792357098851314e-01,8.359466807134909860e-01,4.505309835076332092e-02,4.123090300709009171e-03,3.886745497584342957e-02,3.930571675300598145e-02,4.205235093832015991e-02,7.244096309180053650e-01,-2.480390458008715354e-02,6.980814034466668039e-01,6.968429521034016361e-01,7.385556810183465659e-01,7.088697420177123565e-01,2.679130977820647908e-01,7.238441611767217898e-01,6.023397849127707371e-01,1.680467252785713961e-01,6.124809595401964346e-01
7.484528422355651855e-02,7.534355677717963218e-01,6.968562304973602295e-02,6.711049126564198053e-01,5.000000000000000104e-04,3.529987484216690063e-02,8.271150873042643070e-04,3.492309153079986572e-02,3.313197568058967590e-02,3.294257074594497681e-02,8.319246793101300330e-01,8.692915218537113076e-02,8.031686090949677892e-01,7.933430819240147036e-01,8.389450712005226407e-01,4.426094889640808105e-02,4.209099337458610535e-03,3.864655643701553345e-02,3.908368200063705444e-02,4.116458818316459656e-02,7.248323062353428936e-01,-2.544081897577009019e-02,7.008860318272480683e-01,6.979493388076750682e-01,7.391455675186450192e-01,7.044153620178488229e-01,2.650647166528364296e-01,7.193990318883473067e-01,5.959879715652534049e-01,1.689260244622665108e-01,6.067254664623918936e-01
7.580127567052841187e-02,7.541483649490968721e-01,7.148928940296173096e-02,6.709229650565535774e-01,5.000000000000000104e-04,3.605504333972930908e-02,7.941779913380742073e-04,3.522854670882225037e-02,3.311027213931083679e-02,3.441597521305084229e-02,8.329701570571054203e-01,7.281199785920801359e-02,8.056758296555321941e-01,7.964546991690835132e-01,8.406688803136642685e-01,4.550846293568611145e-02,4.138959106057882309e-03,4.169470444321632385e-02,4.008111357688903809e-02,4.397918656468391418e-02,7.264975233674104693e-01,-4.111829260058404850e-02,7.052016332393413744e-01,7.033724001382573032e-01,7.422379287498139799e-01,7.015128274168476175e-01,2.749836114042237822e-01,7.159777544939601723e-01,5.929495505482050843e-01,1.786203543513766312e-01,6.034712110870932289e-01
7.653776556253433228e-02,7.542206512785502026e-01,7.174929231405258179e-02,6.675003017729060906e-01,5.000000000000000104e-04,3.680915012955665588e-02,7.373390835709869862e-04,3.360293433070182800e-02,3.831826150417327881e-02,3.469971939921379089e-02,8.331630614178070493e-01,8.079186878352373480e-02,8.058940457728949180e-01,7.945912828172776443e-01,8.383480069040777360e-01,4.626083746552467346e-02,4.090058151632547379e-03,3.817483782768249512e-02,4.286377131938934326e-02,4.258159175515174866e-02,7.209666229490935274e-01,-3.502236532551356724e-02,7.009299641781044921e-01,6.994148485891436007e-01,7.358991464609777600e-01,7.132054434917683983e-01,2.548973210218596908e-01,7.259312389324761305e-01,5.998246474173222209e-01,1.512354448598321466e-01,6.082724753854866773e-01
7.319571822881698608e-02,7.593076160713950751e-01,6.993130594491958618e-02,6.707701875805800462e-01,5.000000000000000104e-04,3.424330428242683411e-02,8.676750003360211849e-04,3.273797407746315002e-02,3.203139454126358032e-02,3.157287463545799255e-02,8.373922029023409541e-01,9.218314930386012351e-02,8.107455147627284919e-01,8.010676239905435425e-01,8.456665015981290612e-01,4.367345944046974182e-02,4.306499380618333817e-03,3.735812753438949585e-02,3.820186853408813477e-02,4.085776209831237793e-02,7.254594071587541215e-01,-3.702702126174402947e-02,7.079155274184065760e-01,7.064281757439490050e-01,7.432469135004066141e-01,7.093300840139319385e-01,2.653518381824978567e-01,7.239981593144346750e-01,5.962243952930113000e-01,1.580495112332574448e-01,6.067923704891736714e-01
7.480735331773757935e-02,7.577964075523381249e-01,7.076139748096466064e-02,6.668939701316300983e-01,2.500000000000000052e-04,3.435660898685455322e-02,7.794430712237954140e-04,3.323099762201309204e-02,3.450903668999671936e-02,3.367437422275543213e-02,8.368399426104095040e-01,1.085969953937400284e-01,8.094113027164652197e-01,7.980377712288331260e-01,8.427474337213072264e-01,4.417812824249267578e-02,4.103691317141056061e-03,3.769537061452865601e-02,3.960708901286125183e-02,4.212808236479759216e-02,7.232276590789351589e-01,-7.542278937288596045e-03,7.046604468246665531e-01,7.040875083196532769e-01,7.387587400436965712e-01,7.133977751132607459e-01,2.598450977190477906e-01,7.261730129347682139e-01,5.953687545854784435e-01,1.580725319110246885e-01,6.047023358927835490e-01
7.876199483871459961e-02,7.562335386975952423e-01,7.379613816738128662e-02,6.646919433576662373e-01,2.500000000000000052e-04,3.497539088129997253e-02,7.619432872161269188e-04,3.257250413298606873e-02,3.245411068201065063e-02,3.258373215794563293e-02,8.369458144913972664e-01,1.054709584638513498e-01,8.117273181881141664e-01,8.008140776728412957e-01,8.443254680459518768e-01,4.540691152215003967e-02,4.065626766532659531e-03,3.806009516119956970e-02,3.855839744210243225e-02,4.174394160509109497e-02,7.205285163103387625e-01,-1.262863381392311142e-02,7.053457219301719761e-01,7.045370898979026464e-01,7.387221829285965935e-01,7.163416630807599716e-01,2.561095672994007089e-01,7.301896275656085677e-01,5.976052961409357156e-01,1.465689140146690106e-01,6.095574872618222395e-01
7.214485853910446167e-02,7.631099573666667579e-01,6.998305022716522217e-02,6.703650784161758747e-01,2.500000000000000052e-04,3.330965340137481689e-02,7.415935979224741459e-04,3.218084201216697693e-02,3.112870641052722931e-02,3.075735643506050110e-02,8.423070878978243803e-01,4.418846073186441514e-02,8.150527992559122303e-01,8.060571438480098605e-01,8.501954513289268212e-01,4.398420825600624084e-02,4.186264239251613617e-03,3.817947581410408020e-02,3.832807391881942749e-02,4.078696668148040771e-02,7.239795805451867405e-01,-7.907416432093690439e-02,7.080092970941016528e-01,7.069814163085291758e-01,7.422960205391204713e-01,7.158623172717359928e-01,2.737294957513854987e-01,7.296848344813845477e-01,5.969658103370067970e-01,1.674785294739839225e-01,6.076895194437912373e-01
7.206076383590698242e-02,7.643762050086928550e-01,7.035199552774429321e-02,6.665540737045682063e-01,2.500000000000000052e-04,3.293246775865554810e-02,8.105192682705819607e-04,3.292137756943702698e-02,3.225112333893775940e-02,3.068966045975685120e-02,8.449827527013182848e-01,7.574391433878062407e-02,8.165214637087059302e-01,8.065153112472571717e-01,8.517435603079894779e-01,4.440519958734512329e-02,4.153884947299957275e-03,3.825633600354194641e-02,3.891951590776443481e-02,4.114078730344772339e-02,7.227789130866745237e-01,-4.528056334029685603e-02,7.064703375426854004e-01,7.065130490913953398e-01,7.407524885469257692e-01,7.156037319953590936e-01,2.719720607857617489e-01,7.285832825100546639e-01,5.940980588330907475e-01,1.615485343761850212e-01,6.031398634115119339e-01
7.189650088548660278e-02,7.649006675427411084e-01,7.083880156278610229e-02,6.652484863293830486e-01,2.500000000000000052e-04,3.249518200755119324e-02,7.518965867348015308e-04,3.168385103344917297e-02,3.097726032137870789e-02,3.025439381599426270e-02,8.467276252021563865e-01,7.140852865844520003e-02,8.176163413228569876e-01,8.072423973599053282e-01,8.530579928184793825e-01,4.457586631178855896e-02,4.181573167443275452e-03,3.786295279860496521e-02,3.862254321575164795e-02,4.178318381309509277e-02,7.204974378353189435e-01,-5.942207948897195585e-02,7.044651400911726702e-01,7.036610975674630897e-01,7.385229848521024376e-01,7.248771007712832004e-01,2.791572738679228283e-01,7.385855716107501134e-01,6.001767633516853495e-01,1.656004955577229099e-01,6.101943111114198626e-01
7.132057845592498779e-02,7.667351394736202641e-01,7.113097608089447021e-02,6.664968617993185518e-01,1.250000000000000026e-04,3.203174844384193420e-02,7.713548257015645504e-04,3.160517290234565735e-02,3.064390085637569427e-02,2.969627454876899719e-02,8.484090511711366300e-01,8.103594284216258936e-02,8.193447603627711517e-01,8.092766815700482841e-01,8.555281768490702321e-01,4.454238340258598328e-02,4.194315988570451736e-03,3.785010799765586853e-02,3.822925314307212830e-02,4.145462438464164734e-02,7.236240364225827726e-01,-4.341026056202205996e-02,7.067011438614118068e-01,7.074089059934731694e-01,7.410821772925092477e-01,7.197080423001077643e-01,2.792786449256184356e-01,7.343657952810459522e-01,5.953266262629192118e-01,1.691263342960919736e-01,6.071274663050548748e-01
7.177386432886123657e-02,7.668652262321072888e-01,7.177554070949554443e-02,6.660607611240002557e-01,1.250000000000000026e-04,3.233169391751289368e-02,7.504932000301778316e-04,3.199163079261779785e-02,3.084356710314750671e-02,3.052010200917720795e-02,8.486771416680090052e-01,8.548497843407780461e-02,8.194729649570563490e-01,8.093880818888143924e-01,8.555454308703863697e-01,4.553785547614097595e-02,4.128094762563705444e-03,3.996413201093673706e-02,3.890994563698768616e-02,4.291540011763572693e-02,7.248478318361616379e-01,-3.944416035032415058e-02,7.072086304846624261e-01,7.078767977898000607e-01,7.418343269854197342e-01,7.182990469980815584e-01,2.821555083265042674e-01,7.328503903351007986e-01,5.938138897616139777e-01,1.719337037193360007e-01,6.045719655299157669e-01
7.100070267915725708e-02,7.676432579926327771e-01,7.125921547412872314e-02,6.652389927663745484e-01,1.250000000000000026e-04,3.198081627488136292e-02,7.589148008264601231e-04,3.134543448686599731e-02,3.092225641012191772e-02,2.983234077692031860e-02,8.494025683457377962e-01,9.772119444102490837e-02,8.202286619404679513e-01,8.101402593569851929e-01,8.561312155686959802e-01,4.501235112547874451e-02,4.141879733651876450e-03,3.815114498138427734e-02,3.825199976563453674e-02,4.162617400288581848e-02,7.245062565376990671e-01,-2.952798073187791819e-02,7.079544220328668480e-01,7.091890874004259659e-01,7.418278170849432751e-01,7.178675137615062596e-01,2.749101593723536352e-01,7.323751505833832054e-01,5.916090620089649033e-01,1.668365184757860664e-01,6.026974421655603154e-01
7.172164320945739746e-02,7.682016991674859296e-01,7.089086621999740601e-02,6.648707560363035229e-01,1.250000000000000026e-04,3.223696351051330566e-02,8.068975294008851051e-04,3.117778897285461426e-02,3.050285018980503082e-02,2.948964200913906097e-02,8.489139710856381527e-01,4.197911921505093069e-02,8.211737075488473314e-01,8.110851257065466724e-01,8.570907784713415190e-01,4.463502019643783569e-02,4.278627689927816391e-03,3.822330012917518616e-02,3.858323022723197937e-02,4.118712991476058960e-02,7.199716349361080514e-01,-8.119288920797405884e-02,7.079324357992017314e-01,7.063675514677112410e-01,7.399232637532509038e-01,7.235338046018952030e-01,2.754926504798632103e-01,7.377478957598609943e-01,5.967249708138328002e-01,1.606576780717617337e-01,6.080888391340385501e-01
7.159683853387832642e-02,7.668379777908757022e-01,7.238251715898513794e-02,6.643927326002005973e-01,1.250000000000000026e-04,3.346767649054527283e-02,7.487034890800714493e-04,3.339039161801338196e-02,3.129508718848228455e-02,3.104887343943119049e-02,8.487776466513224927e-01,6.662609717127400411e-02,8.198405380986709678e-01,8.115042937525425160e-01,8.566154936978622736e-01,4.678075388073921204e-02,4.175301175564527512e-03,4.198364913463592529e-02,3.997243940830230713e-02,4.396701976656913757e-02,7.246456131343511631e-01,-5.517504802261778696e-02,7.090181261693417891e-01,7.094532377289953784e-01,7.416879117342123351e-01,7.149907621511456535e-01,2.789191530965863253e-01,7.297217414963863558e-01,5.897709306599395740e-01,1.691981262480357906e-01,6.009162455323532326e-01
7.036372274160385132e-02,7.700370976376997856e-01,7.092109322547912598e-02,6.643961508744600231e-01,6.250000000000000130e-05,3.180624544620513916e-02,7.610931061208248138e-04,3.160045668482780457e-02,3.073799610137939453e-02,2.939820475876331329e-02,8.517143026272396833e-01,5.709180858863582148e-02,8.225214297580143441e-01,8.126199389178166976e-01,8.589538330495468665e-01,4.493641853332519531e-02,4.199541639536619186e-03,3.778161108493804932e-02,3.835393860936164856e-02,4.141265153884887695e-02,7.195541231403627114e-01,-6.346820431596665590e-02,7.070503975568513955e-01,7.070223230529704139e-01,7.392911378500020003e-01,7.267972694435393954e-01,2.818423664104164339e-01,7.412167663796319639e-01,5.978019251044210947e-01,1.650219560363907212e-01,6.089738332465439719e-01
7.099888473749160767e-02,7.703450536136808857e-01,7.084649056196212769e-02,6.641517266957946974e-01,6.250000000000000130e-05,3.129700198769569397e-02,7.332236855290830135e-04,3.065456822514533997e-02,3.018988296389579773e-02,2.899951487779617310e-02,8.524318046031252871e-01,7.069120893491456781e-02,8.231197676159064391e-01,8.131005504799905248e-01,8.598894098383480511e-01,4.446908086538314819e-02,4.122977145016193390e-03,3.784469887614250183e-02,3.828279301524162292e-02,4.122025147080421448e-02,7.232634029098535811e-01,-4.813949853999362205e-02,7.090029759790774655e-01,7.091631571473978601e-01,7.418198189408716781e-01,7.250761506021822234e-01,2.762159550253232565e-01,7.396668847505454281e-01,5.952215671793347207e-01,1.611575684213248649e-01,6.067623126111340026e-01
7.008189707994461060e-02,7.709498522458286818e-01,7.102802395820617676e-02,6.643371992861891728e-01,6.250000000000000130e-05,3.111688420176506042e-02,7.355141569860279560e-04,3.060594014823436737e-02,3.007322177290916443e-02,2.883372828364372253e-02,8.530963752580015269e-01,8.093004767652262066e-02,8.234423931036845001e-01,8.132588147651220734e-01,8.601359469108490474e-01,4.472922533750534058e-02,4.118601325899362564e-03,3.775353729724884033e-02,3.830670192837715149e-02,4.159436374902725220e-02,7.220990473892761052e-01,-4.015009226620147587e-02,7.083937571065616057e-01,7.081921801187374133e-01,7.409134421996700359e-01,7.256992060153302226e-01,2.831181068663066180e-01,7.400411946960159248e-01,5.955555859262846585e-01,1.656727454058703475e-01,6.066855052584446684e-01
6.995115429162979126e-02,7.713652388378834379e-01,7.117618620395660400e-02,6.639672186571815571e-01,6.250000000000000130e-05,3.103291802108287811e-02,7.482704822905361652e-04,3.073750808835029602e-02,3.007922880351543427e-02,2.884207479655742645e-02,8.535811680562350734e-01,8.442500701989777423e-02,8.237284678241368896e-01,8.135212751428823053e-01,8.605790882902980554e-01,4.486240446567535400e-02,4.145273938775062561e-03,3.840583935379981995e-02,3.832336515188217163e-02,4.162194952368736267e-02,7.221841960265653615e-01,-3.661075783507711234e-02,7.084253640451625422e-01,7.087803811150978905e-01,7.410474230389202388e-01,7.259986619208111946e-01,2.824816310885472359e-01,7.403855177956036870e-01,5.950311998192246987e-01,1.649426118533563745e-01,6.061953040960370576e-01
7.029567658901214600e-02,7.712399840778737525e-01,7.098982483148574829e-02,6.624191530458148902e-01,6.250000000000000130e-05,3.234898671507835388e-02,7.449032855220139027e-04,3.296850621700286865e-02,3.234855830669403076e-02,3.073349967598915100e-02,8.524222084180630432e-01,6.159461375641698405e-02,8.238032507177401875e-01,8.137929893682197546e-01,8.599079984052383496e-01,4.549580067396163940e-02,4.148940555751323700e-03,3.855731338262557983e-02,3.945675492286682129e-02,4.260353744029998779e-02,7.186048009505413559e-01,-5.383985155016623309e-02,7.078029544913440052e-01,7.084557435018895566e-01,7.389529695139893661e-01,7.272070076791083970e-01,2.776299027485329418e-01,7.416892778805058706e-01,5.951330763788100775e-01,1.609963829240133315e-01,6.065126597302802347e-01
6.976458430290222168e-02,7.721635684275128808e-01,7.108975201845169067e-02,6.640896918905356827e-01,3.125000000000000065e-05,3.093321993947029114e-02,7.492988370358943939e-04,3.077268786728382111e-02,3.007145598530769348e-02,2.871789596974849701e-02,8.544782369314067871e-01,7.283409791017929347e-02,8.246402934679495367e-01,8.151461520474080347e-01,8.619376682553782087e-01,4.483148455619812012e-02,4.135089926421642303e-03,3.874570503830909729e-02,3.864763677120208740e-02,4.178837686777114868e-02,7.227568716208530031e-01,-4.801121976001382352e-02,7.096591052873886252e-01,7.098538476638613925e-01,7.415836671765947408e-01,7.244673739722660155e-01,2.839558702938734802e-01,7.395185673180454389e-01,5.937689254771438829e-01,1.675136835373135791e-01,6.055235207566710409e-01
6.970206648111343384e-02,7.723923765745804859e-01,7.106553763151168823e-02,6.637747616063199851e-01,3.125000000000000065e-05,3.090024553239345551e-02,7.326235063374042511e-04,3.044062666594982147e-02,2.980663068592548370e-02,2.846088632941246033e-02,8.546301977505802450e-01,7.435210075373065164e-02,8.249899059850134275e-01,8.152567903360105062e-01,8.620509281649949562e-01,4.483677074313163757e-02,4.124048631638288498e-03,3.755278512835502625e-02,3.797178342938423157e-02,4.134400933980941772e-02,7.219844003563604673e-01,-4.488300609097799904e-02,7.093444095912736502e-01,7.095711952660532784e-01,7.411311168787882986e-01,7.261513607510629020e-01,2.822870639066242249e-01,7.408833911382601833e-01,5.946189792165961219e-01,1.654274387518262779e-01,6.060174102947911701e-01
6.962341815233230591e-02,7.726282574775835688e-01,7.139839977025985718e-02,6.634639260786121540e-01,3.125000000000000065e-05,3.073660284280776978e-02,7.400138420052826405e-04,3.033952042460441589e-02,2.976527065038681030e-02,2.843106910586357117e-02,8.550687399599458116e-01,8.097140067468849844e-02,8.250941388404577914e-01,8.153183641658279246e-01,8.622535955625023618e-01,4.488142952322959900e-02,4.126445390284061432e-03,3.777590766549110413e-02,3.806367143988609314e-02,4.145689308643341064e-02,7.214212766371312924e-01,-4.018394098452866825e-02,7.088746716602306597e-01,7.093514617241704068e-01,7.405975139346741010e-01,7.264308351669122032e-01,2.851699042228083014e-01,7.411618061384994682e-01,5.943384231205278700e-01,1.670792390737355360e-01,6.060486042656142436e-01
6.958678364753723145e-02,7.727816928014918929e-01,7.132066786289215088e-02,6.625696015872587497e-01,3.125000000000000065e-05,3.077520802617073059e-02,7.367621292360126972e-04,3.034770488739013672e-02,2.978243678808212280e-02,2.843310125172138214e-02,8.552537396943005188e-01,8.001606001273223190e-02,8.254282504445409341e-01,8.154829763642736928e-01,8.625358349639881128e-01,4.511825740337371826e-02,4.123989026993513107e-03,3.774352371692657471e-02,3.807157278060913086e-02,4.158988222479820251e-02,7.209322336545928023e-01,-3.987795539967329411e-02,7.086839074302352381e-01,7.088726618375337241e-01,7.401187241749751511e-01,7.259706239816255957e-01,2.837507810092755878e-01,7.405533516897102597e-01,5.934922625548842978e-01,1.660003131980806179e-01,6.049310327952781563e-01
6.954091042280197144e-02,7.729948136075607268e-01,7.140804827213287354e-02,6.625517479993056069e-01,3.125000000000000065e-05,3.064966015517711639e-02,7.476940518245100975e-04,3.048895858228206635e-02,2.976667135953903198e-02,2.846823818981647491e-02,8.555215606008321760e-01,7.983517669308087816e-02,8.254152861669902252e-01,8.156459123085321172e-01,8.625054652962278467e-01,4.499578103423118591e-02,4.120864439755678177e-03,3.777510300278663635e-02,3.800060972571372986e-02,4.158818721771240234e-02,7.215293410612046987e-01,-3.940467401116667934e-02,7.089666030220173054e-01,7.095716925045751911e-01,7.403946815583102303e-01,7.262523109350730310e-01,2.825225491144416345e-01,7.408433483733092295e-01,5.934993229878831045e-01,1.665915193622680146e-01,6.049689682010030989e-01
6.946669518947601318e-02,7.731889345585334361e-01,7.142788171768188477e-02,6.628771098884007618e-01,1.562500000000000033e-05,3.066443465650081635e-02,7.394644781015813351e-04,3.027148731052875519e-02,2.977131120860576630e-02,2.837337367236614227e-02,8.557591587523731835e-01,7.995477468554998413e-02,8.256019746656906300e-01,8.159688966167700785e-01,8.629609418763477535e-01,4.500978440046310425e-02,4.127323627471923828e-03,3.801637515425682068e-02,3.839105367660522461e-02,4.173973947763442993e-02,7.217620218769565943e-01,-4.025580512924069321e-02,7.092585984953557743e-01,7.094663596758006285e-01,7.406977952575313218e-01,7.263706867017634128e-01,2.849510901559441090e-01,7.410502376521351797e-01,5.935569127850232052e-01,1.678223557560903911e-01,6.051565320558377481e-01
6.944314390420913696e-02,7.733170558723408972e-01,7.131224125623703003e-02,6.626275200140634425e-01,1.562500000000000033e-05,3.060183487832546234e-02,7.390813552774488926e-04,3.023543395102024078e-02,2.965645492076873779e-02,2.826821431517601013e-02,8.557576043467475246e-01,7.617389785688609416e-02,8.257753169137970195e-01,8.160647478147576850e-01,8.630579375122630070e-01,4.490992054343223572e-02,4.137481562793254852e-03,3.785817325115203857e-02,3.809406608343124390e-02,4.146423190832138062e-02,7.209529346086209767e-01,-4.415162452037191265e-02,7.091221698101319859e-01,7.093256593522818676e-01,7.403300272817437966e-01,7.272653472914298867e-01,2.840686582989934705e-01,7.419816870324695834e-01,5.939967689100797976e-01,1.667644054277480914e-01,6.058489757018671318e-01
6.941652297973632812e-02,7.734368445795246627e-01,7.144779711961746216e-02,6.625374636273123619e-01,1.562500000000000033e-05,3.061115369200706482e-02,7.401172770187258720e-04,3.023740835487842560e-02,2.972209826111793518e-02,2.831094712018966675e-02,8.559039216571422415e-01,7.603733694904546425e-02,8.258936503507240401e-01,8.161946537024576953e-01,8.631466645034039376e-01,4.499277099967002869e-02,4.138679709285497665e-03,3.766446188092231750e-02,3.799693658947944641e-02,4.150797054171562195e-02,7.206893067196068481e-01,-4.385886613894666997e-02,7.090549020696084170e-01,7.092363459179451546e-01,7.400358883731403825e-01,7.276393939906747876e-01,2.853278426586454697e-01,7.422493507335872209e-01,5.940706262880182109e-01,1.671551593687277681e-01,6.059384333524009403e-01
6.936666369438171387e-02,7.735562679069326597e-01,7.149714976549148560e-02,6.624744145024156206e-01,1.562500000000000033e-05,3.051543235778808594e-02,7.384453783743083477e-04,3.019422478973865509e-02,2.960881777107715607e-02,2.821127884089946747e-02,8.561568172650828590e-01,7.624046944625741118e-02,8.259767878636942173e-01,8.164520779743760226e-01,8.634429898174997842e-01,4.495884850621223450e-02,4.132478497922420502e-03,3.781952708959579468e-02,3.814658522605895996e-02,4.163871705532073975e-02,7.213918730642507882e-01,-4.327635888125954539e-02,7.094563604672855517e-01,7.096741234400563147e-01,7.404396300185217550e-01,7.261642938872167052e-01,2.850701560220674224e-01,7.408668898198649266e-01,5.927189308920221000e-01,1.681632197801642692e-01,6.045323765297681007e-01
6.935010105371475220e-02,7.736743202416139775e-01,7.158365100622177124e-02,6.626146680414671808e-01,1.562500000000000033e-05,3.049698472023010254e-02,7.402044720947742462e-04,3.018492273986339569e-02,2.958484552800655365e-02,2.816584333777427673e-02,8.562671164685266012e-01,7.806541407592852699e-02,8.261860498103221762e-01,8.166854830519270081e-01,8.635734392458037645e-01,4.497902095317840576e-02,4.136018920689821243e-03,3.768708556890487671e-02,3.799203410744667053e-02,4.152323305606842041e-02,7.207836927700219665e-01,-4.218306565156798582e-02,7.093864388498533069e-01,7.096275539440599633e-01,7.401460423396097887e-01,7.271872119370587084e-01,2.869452320762774233e-01,7.420524759246319713e-01,5.938982366656148093e-01,1.687223598939420199e-01,6.058008509266810115e-01
6.931958347558975220e-02,7.737363307075527663e-01,7.151171565055847168e-02,6.624251040878786911e-01,7.812500000000000163e-06,3.048563003540039062e-02,7.392395636998116970e-04,3.014833666384220123e-02,2.957358025014400482e-02,2.814531698822975159e-02,8.563293601682319123e-01,7.709969059305669947e-02,8.262858876051015766e-01,8.167048487425436765e-01,8.636814361417891606e-01,4.497401416301727295e-02,4.132460337132215500e-03,3.775414079427719116e-02,3.799027204513549805e-02,4.149359464645385742e-02,7.208897719076516886e-01,-4.251414402892383926e-02,7.094738799297083398e-01,7.097052216771371214e-01,7.402204290817514520e-01,7.270715420224115322e-01,2.857655514702163169e-01,7.419378795113023006e-01,5.933938848003336153e-01,1.684536251886503133e-01,6.053885036615326287e-01
6.932353228330612183e-02,7.737552860415710665e-01,7.159917056560516357e-02,6.624918514154375382e-01,7.812500000000000163e-06,3.045766428112983704e-02,7.435519364662468433e-04,3.017593920230865479e-02,2.958182990550994873e-02,2.812712453305721283e-02,8.564782624465232530e-01,7.729285167744466556e-02,8.262472715329526318e-01,8.168118954902471307e-01,8.638302407347195899e-01,4.508461803197860718e-02,4.142879974097013474e-03,3.804457187652587891e-02,3.823611140251159668e-02,4.170648008584976196e-02,7.211266040930186527e-01,-4.204758256250872711e-02,7.094103426982634186e-01,7.096227189859705131e-01,7.402408332455859830e-01,7.270032837074407173e-01,2.872530139025312179e-01,7.418389266312287456e-01,5.933809147525758165e-01,1.688512511725956400e-01,6.055045223606818627e-01
6.931752711534500122e-02,7.738053113831186991e-01,7.166165858507156372e-02,6.624594380537643934e-01,7.812500000000000163e-06,3.045552223920822144e-02,7.408395176753401756e-04,3.016987629234790802e-02,2.955618873238563538e-02,2.812705934047698975e-02,8.565597959676162221e-01,7.873813111834297718e-02,8.262850295265662393e-01,8.168231979101722162e-01,8.638272453082022073e-01,4.507297277450561523e-02,4.125596024096012115e-03,3.803188353776931763e-02,3.813189268112182617e-02,4.167269170284271240e-02,7.214047598566535324e-01,-4.013380465617423509e-02,7.095653571923109526e-01,7.099320907958616145e-01,7.404140020843753556e-01,7.266158095082009272e-01,2.874561308501871193e-01,7.415498502892969857e-01,5.928903655002347728e-01,1.686947479118368898e-01,6.049935707271313357e-01
6.927233934402465820e-02,7.739092111070506874e-01,7.155092805624008179e-02,6.623332788016663697e-01,7.812500000000000163e-06,3.043370135128498077e-02,7.400354370474815369e-04,3.013799898326396942e-02,2.953604049980640411e-02,2.809763699769973755e-02,8.565803676937920885e-01,7.697041787985070549e-02,8.264003073458132675e-01,8.169442595858479317e-01,8.639285583061787621e-01,4.501093924045562744e-02,4.134641960263252258e-03,3.793155029416084290e-02,3.811001405119895935e-02,4.160903766751289368e-02,7.210249358723194169e-01,-4.214226741565273160e-02,7.095320459480323194e-01,7.098130245359181023e-01,7.401937171871293408e-01,7.270910327972164300e-01,2.863011692337147918e-01,7.419937317089198014e-01,5.933339658935340433e-01,1.679666371242944378e-01,6.053819968078572034e-01
6.929579377174377441e-02,7.739244753088883044e-01,7.164871692657470703e-02,6.622768674035526271e-01,7.812500000000000163e-06,3.042412549257278442e-02,7.406711811199784279e-04,3.012949414551258087e-02,2.953067980706691742e-02,2.808933518826961517e-02,8.566940300553744780e-01,8.057684591997908707e-02,8.264469432125340909e-01,8.169627093774786131e-01,8.639735791143838828e-01,4.510088264942169189e-02,4.123164806514978409e-03,3.798563405871391296e-02,3.810175508260726929e-02,4.167579859495162964e-02,7.213459613693047334e-01,-3.830371060891407664e-02,7.096659043437339998e-01,7.100498578962405327e-01,7.403676815754204332e-01,7.266959520875539980e-01,2.857841995165162352e-01,7.415845237109751631e-01,5.929933298974684464e-01,1.678861567574705949e-01,6.048969373294029728e-01
6.924825906753540039e-02,7.739996018643653386e-01,7.151959836483001709e-02,6.621875350662150828e-01,3.906250000000000081e-06,3.041286021471023560e-02,7.386377546936273575e-04,3.010342083871364594e-02,2.952078916132450104e-02,2.807509712874889374e-02,8.566812867954790578e-01,7.875972365599979985e-02,8.265532024860352545e-01,8.169907375821480189e-01,8.640069562319260266e-01,4.500880464911460876e-02,4.125439561903476715e-03,3.779638931155204773e-02,3.801140934228897095e-02,4.156110435724258423e-02,7.209870473463747542e-01,-3.990853360962016982e-02,7.095977107543801621e-01,7.099227740837095180e-01,7.402117407410881977e-01,7.271188558506701538e-01,2.856669788813196442e-01,7.419850573959494433e-01,5.931731076229351807e-01,1.673872878253714058e-01,6.051691813885247129e-01
6.925163418054580688e-02,7.740096119571187039e-01,7.162066549062728882e-02,6.622253472377004346e-01,3.906250000000000081e-06,3.040411137044429779e-02,7.391881081275641918e-04,3.012585453689098358e-02,2.953356318175792694e-02,2.807972580194473267e-02,8.567580722950383088e-01,7.943086081249582653e-02,8.265057382811069608e-01,8.170287909152841310e-01,8.640404340681142603e-01,4.508829489350318909e-02,4.125664941966533661e-03,3.799976408481597900e-02,3.816768154501914978e-02,4.169764369726181030e-02,7.211948200607406489e-01,-3.903140754241733040e-02,7.095744338612114399e-01,7.098823340880837662e-01,7.402806734680718037e-01,7.270988454683209312e-01,2.872826151547753781e-01,7.417936931374400356e-01,5.930270383198472661e-01,1.680518137550094659e-01,6.049175013286054448e-01
6.923042982816696167e-02,7.740646627159730730e-01,7.153940945863723755e-02,6.622160263885512599e-01,3.906250000000000081e-06,3.040015138685703278e-02,7.386434008367359638e-04,3.010735101997852325e-02,2.951605804264545441e-02,2.806232683360576630e-02,8.567601001082163492e-01,7.770461886711180211e-02,8.265859717963054409e-01,8.170973167148636307e-01,8.641052658802733655e-01,4.502938315272331238e-02,4.127398133277893066e-03,3.792708367109298706e-02,3.810929879546165466e-02,4.161091148853302002e-02,7.211103856602805173e-01,-4.095058697180372492e-02,7.096711668914710280e-01,7.099621961197400966e-01,7.403078565543528278e-01,7.270741699509304379e-01,2.862386284425392780e-01,7.419581534951109614e-01,5.930979236776379171e-01,1.674062950465965149e-01,6.050540325162582223e-01
6.921892613172531128e-02,7.741142938649497873e-01,7.150995731353759766e-02,6.620970220483690660e-01,3.906250000000000081e-06,3.039584308862686157e-02,7.385489298030734062e-04,3.009721823036670685e-02,2.951190620660781860e-02,2.806688658893108368e-02,8.567713236553520240e-01,7.777533385435807245e-02,8.266087984083971829e-01,8.170570395181111500e-01,8.640619581294166629e-01,4.500177502632141113e-02,4.129145760089159012e-03,3.775461018085479736e-02,3.800963237881660461e-02,4.155372083187103271e-02,7.208462583864506668e-01,-4.078930195254765884e-02,7.095836208581657312e-01,7.098921609379387210e-01,7.401384557155209487e-01,7.277288818868926645e-01,2.854841125960860815e-01,7.423968669087964711e-01,5.933347964646484840e-01,1.675602128811834457e-01,6.050638765875099301e-01
6.921253353357315063e-02,7.741321369006187725e-01,7.158701121807098389e-02,6.621047797747041663e-01,3.906250000000000081e-06,3.038273565471172333e-02,7.397056324407458305e-04,3.008824773132801056e-02,2.950105629861354828e-02,2.804796770215034485e-02,8.568446349892850922e-01,7.842678573702553668e-02,8.266465778512044338e-01,8.171274983014080728e-01,8.641510797843714453e-01,4.504612460732460022e-02,4.125307779759168625e-03,3.783730790019035339e-02,3.806144371628761292e-02,4.161031544208526611e-02,7.209464707843423747e-01,-4.008756815661427414e-02,7.095880647271852748e-01,7.098926302243390163e-01,7.401451580145322895e-01,7.272522717782680113e-01,2.862069016246352460e-01,7.421399890500495200e-01,5.929915172866112583e-01,1.673073969161359698e-01,6.049608864798855512e-01
6.920576840639114380e-02,7.741600164604578449e-01,7.153944671154022217e-02,6.621001457862951689e-01,1.953125000000000041e-06,3.038351237773895264e-02,7.392648840323090553e-04,3.008637763559818268e-02,2.949946746230125427e-02,2.804487198591232300e-02,8.568370135917896535e-01,7.787519750842006316e-02,8.266698268016078321e-01,8.171485351782662443e-01,8.641670723146654964e-01,4.501789063215255737e-02,4.127596504986286163e-03,3.784139081835746765e-02,3.806716948747634888e-02,4.158816486597061157e-02,7.208434949221234067e-01,-4.078925626560289674e-02,7.095877441539060193e-01,7.098489290568258392e-01,7.401158434060942648e-01,7.276552499094149917e-01,2.854253241936591245e-01,7.424317874782181415e-01,5.932843802515488374e-01,1.670719854044679376e-01,6.051727017048305068e-01
6.920257955789566040e-02,7.741688559877628606e-01,7.156278192996978760e-02,6.621102415939782437e-01,1.953125000000000041e-06,3.037861175835132599e-02,7.390525424852967262e-04,3.008315712213516235e-02,2.949634566903114319e-02,2.804276347160339355e-02,8.568699842390927746e-01,7.814474728020759375e-02,8.266819937440357258e-01,8.171720723753026494e-01,8.641919019865270668e-01,4.503393173217773438e-02,4.126432817429304123e-03,3.784005716443061829e-02,3.806844726204872131e-02,4.161864146590232849e-02,7.209558899140818822e-01,-4.012965360926908087e-02,7.096392512565264932e-01,7.099425407299561064e-01,7.401720350340461607e-01,7.275216307971933416e-01,2.855698180342061132e-01,7.422669304277885738e-01,5.931029988988580914e-01,1.678327395158444868e-01,6.052273118504438720e-01
6.919954717159271240e-02,7.741830026443647927e-01,7.159339636564254761e-02,6.620903702640714705e-01,1.953125000000000041e-06,3.037054464221000671e-02,7.394359563477337360e-04,3.008241206407546997e-02,2.949243411421775818e-02,2.803641557693481445e-02,8.569018512685088185e-01,7.840752304466623579e-02,8.266887960650171063e-01,8.171917576433807007e-01,8.642145156849780907e-01,4.505486041307449341e-02,4.127904772758483887e-03,3.785910084843635559e-02,3.807247802615165710e-02,4.162526130676269531e-02,7.208782340909329900e-01,-4.000322227915104056e-02,7.095851834540416458e-01,7.098719167421402299e-01,7.400917707424365943e-01,7.273991404152052587e-01,2.869284797236859585e-01,7.423168953915330048e-01,5.931198546336642341e-01,1.673081455086502523e-01,6.050970566594268130e-01
6.919261068105697632e-02,7.742092967442745222e-01,7.154233753681182861e-02,6.620465199078778840e-01,1.953125000000000041e-06,3.037123940885066986e-02,7.390346145257353783e-04,3.007578290998935699e-02,2.948852255940437317e-02,2.803350239992141724e-02,8.568924614736918022e-01,7.783405220715207407e-02,8.267284450075805813e-01,8.172085208337815931e-01,8.642269167607766756e-01,4.502217471599578857e-02,4.127631895244121552e-03,3.779959678649902344e-02,3.803036361932754517e-02,4.158388078212738037e-02,7.208318825625759096e-01,-4.054190855365492202e-02,7.096194321213770140e-01,7.099077837090953524e-01,7.400988667921957198e-01,7.277299575201473525e-01,2.852487076872020633e-01,7.425655163467790310e-01,5.932262128203886764e-01,1.674596707542815033e-01,6.052105010515974604e-01
6.918690353631973267e-02,7.742276955788437443e-01,7.156619429588317871e-02,6.619807846433155563e-01,1.953125000000000041e-06,3.037110157310962677e-02,7.392435800284147263e-04,3.007629327476024628e-02,2.949040010571479797e-02,2.803680486977100372e-02,8.569009477276736675e-01,7.788673457404109157e-02,8.267432502392619842e-01,8.172003729992100007e-01,8.642168470199049768e-01,4.502707719802856445e-02,4.127326887100934982e-03,3.775642439723014832e-02,3.801907226443290710e-02,4.157003760337829590e-02,7.206729565151365202e-01,-4.054469303790087659e-02,7.095487197586609618e-01,7.098348308503344972e-01,7.400025441605200260e-01,7.278774091503422694e-01,2.859926118975484322e-01,7.426669106744872018e-01,5.934015413341999778e-01,1.677616036336259109e-01,6.052218441398093951e-01
6.918583065271377563e-02,7.742319334516067908e-01,7.156405597925186157e-02,6.619903814055964064e-01,9.765625000000000203e-07,3.036835417151451111e-02,7.389833917841315269e-04,3.007455915212631226e-02,2.948967181146144867e-02,2.803407795727252960e-02,8.569115400510994851e-01,7.827107769875162047e-02,8.267581639459511411e-01,8.172092995225929135e-01,8.642296127299915476e-01,4.502597823739051819e-02,4.126588813960552216e-03,3.774986416101455688e-02,3.801003471016883850e-02,4.157101362943649292e-02,7.207155360222772256e-01,-4.007480324160197366e-02,7.095787093841551263e-01,7.098771944354871355e-01,7.400341884653202085e-01,7.278349660609031435e-01,2.853983696661409608e-01,7.425561306832859643e-01,5.932164176826839608e-01,1.680008187817260690e-01,6.052244949126350804e-01
6.918289512395858765e-02,7.742423571722961695e-01,7.157207280397415161e-02,6.620006653218685200e-01,9.765625000000000203e-07,3.036424517631530762e-02,7.391661638393998146e-04,3.007086925208568573e-02,2.948415465652942657e-02,2.802567183971405029e-02,8.569280179711309398e-01,7.773248495419991799e-02,8.267612124582299771e-01,8.172491325687422092e-01,8.642663658581740682e-01,4.502743482589721680e-02,4.128489643335342407e-03,3.781479597091674805e-02,3.805842995643615723e-02,4.159269481897354126e-02,7.207452532886541308e-01,-4.059370214244139435e-02,7.096029588225538642e-01,7.098729296163999170e-01,7.400564908752591542e-01,7.277532815636631458e-01,2.858651124114989228e-01,7.425152099852330156e-01,5.932135679426542296e-01,1.674222268923743484e-01,6.052212727214346666e-01
6.918255984783172607e-02,7.742452255788140336e-01,7.160476595163345337e-02,6.620213081783719034e-01,9.765625000000000203e-07,3.035866469144821167e-02,7.392511470243334770e-04,3.007066808640956879e-02,2.948245778679847717e-02,2.802470698952674866e-02,8.569568821817074022e-01,7.812035254891676328e-02,8.267595160120756459e-01,8.172531798922799684e-01,8.642718213270582650e-01,4.504415020346641541e-02,4.127231426537036896e-03,3.781070560216903687e-02,3.805229440331459045e-02,4.161269590258598328e-02,7.207897710515274170e-01,-4.010731914517671332e-02,7.096031898469039589e-01,7.098982282233953223e-01,7.400513943538898909e-01,7.275873310517394499e-01,2.866231821416178605e-01,7.424169701201154270e-01,5.930778441445805349e-01,1.668669067814296247e-01,6.050935292886017169e-01
6.917896866798400879e-02,7.742568373791053338e-01,7.158412039279937744e-02,6.619990967673738957e-01,9.765625000000000203e-07,3.035808540880680084e-02,7.393499836325645447e-04,3.006911277770996094e-02,2.948181331157684326e-02,2.802231721580028534e-02,8.569624644061688556e-01,7.788830451059557125e-02,8.267707352338806714e-01,8.172652153292614408e-01,8.642870831696418676e-01,4.504285752773284912e-02,4.127717576920986176e-03,3.782358765602111816e-02,3.806134313344955444e-02,4.160948842763900757e-02,7.207758093499636587e-01,-4.038387787501626636e-02,7.095997013117010255e-01,7.098855878446141965e-01,7.400488054294476203e-01,7.277056418010657834e-01,2.864059821305685039e-01,7.424918141718147568e-01,5.931032269566699489e-01,1.673581193158565905e-01,6.050997983695258764e-01
6.917593628168106079e-02,7.742683990306051811e-01,7.157889753580093384e-02,6.619612907213807684e-01,9.765625000000000203e-07,3.035764209926128387e-02,7.392665720544755459e-04,3.006837330758571625e-02,2.948202192783355713e-02,2.802414447069168091e-02,8.569625502245797888e-01,7.788653152781768729e-02,8.267790708535013300e-01,8.172539233717532881e-01,8.642746699212771055e-01,4.503947496414184570e-02,4.126938059926033020e-03,3.778560832142829895e-02,3.802909329533576965e-02,4.159172996878623962e-02,7.207011201454561755e-01,-4.030908589618492632e-02,7.095684216946088751e-01,7.098628462585834242e-01,7.399980058642786629e-01,7.278326547356251952e-01,2.861948954105495990e-01,7.426361216430467094e-01,5.932793464553415275e-01,1.675882271799258860e-01,6.051983228166309958e-01
6.917506456375122070e-02,7.742718353779857177e-01,7.157349586486816406e-02,6.619744212167480990e-01,4.882812500000000102e-07,3.035674057900905609e-02,7.391541148535907269e-04,3.006669506430625916e-02,2.947979792952537537e-02,2.802064828574657440e-02,8.569664073016879380e-01,7.797540143982276128e-02,8.267861541288011873e-01,8.172698022535407336e-01,8.642914693158013639e-01,4.503315687179565430e-02,4.127462860196828842e-03,3.780712559819221497e-02,3.804266080260276794e-02,4.159317165613174438e-02,7.207353574284780517e-01,-4.027088360232650155e-02,7.096023104279106652e-01,7.098896072686359249e-01,7.400365536390189902e-01,7.278231434999500316e-01,2.860384140712251555e-01,7.425784274655883310e-01,5.932447348621455729e-01,1.677547759350684620e-01,6.051596214702503751e-01
6.917349994182586670e-02,7.742776051433470919e-01,7.158044725656509399e-02,6.619435152396164757e-01,4.882812500000000102e-07,3.035690635442733765e-02,7.392527768388390541e-04,3.006698563694953918e-02,2.948050945997238159e-02,2.802228927612304688e-02,8.569685934897114388e-01,7.787478196365715810e-02,8.267937786755097385e-01,8.172669025087556660e-01,8.642870893701738444e-01,4.503982514142990112e-02,4.127241671085357666e-03,3.777041658759117126e-02,3.802279382944107056e-02,4.158735647797584534e-02,7.206621597361843046e-01,-4.036912272967294046e-02,7.095710709921868586e-01,7.098582807375134474e-01,7.399791574718798115e-01,7.278245034359914767e-01,2.861498865358804711e-01,7.426331096849514424e-01,5.933090159815257447e-01,1.678111785808715506e-01,6.052180741749765280e-01
6.917284429073333740e-02,7.742797536886025789e-01,7.158625870943069458e-02,6.619709225790635365e-01,4.882812500000000102e-07,3.035347722470760345e-02,7.392758852802217007e-04,3.006591647863388062e-02,2.947845309972763062e-02,2.801840007305145264e-02,8.569834348636118371e-01,7.795609453579838144e-02,8.267908625012462265e-01,8.172796928254544291e-01,8.643038191878539278e-01,4.503999277949333191e-02,4.127509891986846924e-03,3.781343996524810791e-02,3.804709389805793762e-02,4.160125553607940674e-02,7.207419908522763041e-01,-4.023540892919566514e-02,7.096019172733392111e-01,7.098917884399857936e-01,7.400318579961615573e-01,7.277820590134180812e-01,2.865169694608070694e-01,7.425938322104853606e-01,5.932481342360725884e-01,1.675117800734060580e-01,6.051170841548060286e-01
6.917171180248260498e-02,7.742841127497337439e-01,7.158783823251724243e-02,6.619527145879354757e-01,4.882812500000000102e-07,3.035250492393970490e-02,7.392527768388390541e-04,3.006492555141448975e-02,2.947767451405525208e-02,2.801793254911899567e-02,8.569880078470224483e-01,7.799554293422987505e-02,8.267974387678478365e-01,8.172824035681623966e-01,8.643057709170626213e-01,4.504190012812614441e-02,4.127123393118381500e-03,3.779799863696098328e-02,3.803749009966850281e-02,4.159869253635406494e-02,7.207178458959154765e-01,-4.017434594446538804e-02,7.095949843358483333e-01,7.098885238435066469e-01,7.400112950995541006e-01,7.277750411225561988e-01,2.866429717951878287e-01,7.425669814186316442e-01,5.932179963346182472e-01,1.676248443488863593e-01,6.051730963800070473e-01
6.917075812816619873e-02,7.742877060202275619e-01,7.158127427101135254e-02,6.619594549074233614e-01,4.882812500000000102e-07,3.035152889788150787e-02,7.391704712063074112e-04,3.006434626877307892e-02,2.947741933166980743e-02,2.801666408777236938e-02,8.569931114737805444e-01,7.807378766221166611e-02,8.268005728572095370e-01,8.172860363575327192e-01,8.643124181533948791e-01,4.504137113690376282e-02,4.126688931137323380e-03,3.781510889530181885e-02,3.804467618465423584e-02,4.159972071647644043e-02,7.207430768101547036e-01,-4.010334781523017256e-02,7.096059683128127515e-01,7.098953092409480137e-01,7.400299660408579117e-01,7.277880659507329764e-01,2.861481126384959883e-01,7.425685138933479923e-01,5.932071698343851507e-01,1.678357141436778444e-01,6.051246166821857564e-01
6.917035579681396484e-02,7.742890763435358314e-01,7.158593833446502686e-02,6.619618325103810985e-01,2.441406250000000051e-07,3.035072423517704010e-02,7.392076076939702034e-04,3.006426244974136353e-02,2.947702631354331970e-02,2.801594324409961700e-02,8.569975493801479383e-01,7.809291960373331010e-02,8.268019454361649201e-01,8.172897803282815898e-01,8.643170657903401777e-01,4.504317417740821838e-02,4.126759245991706848e-03,3.782238811254501343e-02,3.804845362901687622e-02,4.160507395863533020e-02,7.207477271234585814e-01,-4.005926742568625964e-02,7.096071526206988445e-01,7.098944037024660370e-01,7.400319515746081045e-01,7.277588578930082042e-01,2.861721870447432314e-01,7.425408976790751625e-01,5.931741905913723301e-01,1.676425002443425183e-01,6.050740136013399439e-01
6.916953623294830322e-02,7.742922249946506685e-01,7.158208638429641724e-02,6.619583624003495537e-01,2.441406250000000051e-07,3.035079687833786011e-02,7.391157560050487518e-04,3.006362169981002808e-02,2.947677299380302429e-02,2.801632508635520935e-02,8.569967149264290374e-01,7.810954011074017211e-02,8.268051767457388346e-01,8.172895232262676890e-01,8.643140282282659737e-01,4.503980278968811035e-02,4.126634914427995682e-03,3.780913352966308594e-02,3.804029524326324463e-02,4.159784689545631409e-02,7.207391245563746773e-01,-4.003164394480104860e-02,7.096080004034643895e-01,7.099019931111267834e-01,7.400281405148286806e-01,7.277910713467324877e-01,2.860913470238105050e-01,7.425992331037166716e-01,5.932077762072116567e-01,1.679393604591147837e-01,6.051052299914160271e-01
6.916885823011398315e-02,7.742954328246771656e-01,7.157450169324874878e-02,6.619482534139530250e-01,2.441406250000000051e-07,3.035086579620838165e-02,7.390807149931788445e-04,3.006322123110294342e-02,2.947658300399780273e-02,2.801545150578022003e-02,8.569963398899487217e-01,7.796656091181275450e-02,8.268081588949833804e-01,8.172919528882803819e-01,8.643186822442828765e-01,4.503647610545158386e-02,4.126922227442264557e-03,3.780884295701980591e-02,3.804352506995201111e-02,4.159629717469215393e-02,7.207293258916932510e-01,-4.018706571693288210e-02,7.096100671197783649e-01,7.098948833493096133e-01,7.400255811293148245e-01,7.278320466036295455e-01,2.860413041070897222e-01,7.425577533715900236e-01,5.932525917966171569e-01,1.677953205808794535e-01,6.051110460011582814e-01
6.916838139295578003e-02,7.742965533304897452e-01,7.158297300338745117e-02,6.619519833969002010e-01,2.441406250000000051e-07,3.034978918731212616e-02,7.391542894765734673e-04,3.006280213594436646e-02,2.947574481368064880e-02,2.801475115120410919e-02,8.570019121323845246e-01,7.807411648777094759e-02,8.268103806046959159e-01,8.172967256988649121e-01,8.643223502408510228e-01,4.503977298736572266e-02,4.126772750169038773e-03,3.780799731612205505e-02,3.804088011384010315e-02,4.159897565841674805e-02,7.207266565809906655e-01,-4.008611978826334687e-02,7.096088381427082536e-01,7.098993335401948546e-01,7.400203722533525985e-01,7.277832917029569693e-01,2.862317918087954882e-01,7.425966097618271755e-01,5.932484694855018059e-01,1.678077753237789127e-01,6.050952756835460411e-01
6.916774064302444458e-02,7.742989514083880032e-01,7.158340513706207275e-02,6.619529953079075213e-01,2.441406250000000051e-07,3.034921176731586456e-02,7.391879917122423649e-04,3.006289340555667877e-02,2.947542816400527954e-02,2.801407687366008759e-02,8.570052079649944643e-01,7.805053736772381290e-02,8.268109212761964866e-01,8.173014550463165717e-01,8.643263819904738465e-01,4.504168033599853516e-02,4.126787185668945312e-03,3.781969100236892700e-02,3.804820030927658081e-02,4.160245880484580994e-02,7.207321991106155901e-01,-4.009390516827293638e-02,7.096086435557491523e-01,7.098966366302824627e-01,7.400212696599652862e-01,7.277913513112612698e-01,2.862696160404006318e-01,7.426041565941668976e-01,5.932313247580223159e-01,1.676179528116335249e-01,6.050918852580030594e-01
6.916755437850952148e-02,7.742997210181029599e-01,7.158300280570983887e-02,6.619507009097252981e-01,1.220703125000000025e-07,3.034885786473751068e-02,7.391545223072171211e-04,3.006255812942981720e-02,2.947535365819931030e-02,2.801393344998359680e-02,8.570068873719288716e-01,7.807769226721940348e-02,8.268123237787750046e-01,8.173010119642128979e-01,8.643271633730251757e-01,4.504145681858062744e-02,4.126726649701595306e-03,3.781654685735702515e-02,3.804573044180870056e-02,4.160197824239730835e-02,7.207377665202475692e-01,-4.005413917484994257e-02,7.096122528850514755e-01,7.099024754697227380e-01,7.400254814451721064e-01,7.277806478716805083e-01,2.860670574878678707e-01,7.426075535552506546e-01,5.932299518767664148e-01,1.677288922754646139e-01,6.051065319611407256e-01
6.916717439889907837e-02,7.743011658516154583e-01,7.158250361680984497e-02,6.619471688799747344e-01,1.220703125000000025e-07,3.034886717796325684e-02,7.391410763375461102e-04,3.006216138601303101e-02,2.947515808045864105e-02,2.801397629082202911e-02,8.570065753866846769e-01,7.807577942984092467e-02,8.268143309102002902e-01,8.173011179401943327e-01,8.643263618056126196e-01,4.504182562232017517e-02,4.126543179154396057e-03,3.780949115753173828e-02,3.804237395524978638e-02,4.159975424408912659e-02,7.207247590094445489e-01,-4.005723239107716882e-02,7.096085085823281569e-01,7.098992421986140000e-01,7.400176631830827079e-01,7.278001374777113286e-01,2.861901689330244580e-01,7.426068572661070899e-01,5.932363003072592678e-01,1.678254660748666749e-01,6.051081480369314702e-01
6.916700303554534912e-02,7.743017316992774068e-01,7.158529013395309448e-02,6.619459811959546025e-01,1.220703125000000025e-07,3.034833818674087524e-02,7.391729159280657768e-04,3.006212972104549408e-02,2.947510965168476105e-02,2.801358513534069061e-02,8.570094773091948559e-01,7.810090997310320526e-02,8.268146857906537583e-01,8.173023458526671448e-01,8.643286981840034855e-01,4.504314810037612915e-02,4.126591607928276062e-03,3.781371191143989563e-02,3.804528340697288513e-02,4.160276800394058228e-02,7.207283747997507151e-01,-4.002085324994562182e-02,7.096070259413304049e-01,7.098987739683448872e-01,7.400178432442284793e-01,7.277931143580406159e-01,2.862915786845112165e-01,7.426323701431057911e-01,5.932454576604443419e-01,1.676187526379833148e-01,6.050929025750196866e-01
6.916652619838714600e-02,7.743034823753603968e-01,7.158436626195907593e-02,6.619479538447817779e-01,1.220703125000000025e-07,3.034842945635318756e-02,7.391637773253023624e-04,3.006182797253131866e-02,2.947461232542991638e-02,2.801346778869628906e-02,8.570087819727186806e-01,7.804129287909218615e-02,8.268165565900392755e-01,8.173047290121060460e-01,8.643290231607619889e-01,4.504168778657913208e-02,4.126615356653928757e-03,3.780904039740562439e-02,3.804181143641471863e-02,4.160000383853912354e-02,7.207191820973051222e-01,-4.008620983792377662e-02,7.096072656295118186e-01,7.098981665105038585e-01,7.400134506213073005e-01,7.277954792104514015e-01,2.863773602847546895e-01,7.426416876086491259e-01,5.932571509274640054e-01,1.677523550773108996e-01,6.051110992800587951e-01
6.916624307632446289e-02,7.743046468471753707e-01,7.158295065164566040e-02,6.619421639869556007e-01,1.220703125000000025e-07,3.034831397235393524e-02,7.391420658677816391e-04,3.006156906485557556e-02,2.947458438575267792e-02,2.801329083740711212e-02,8.570093621141299245e-01,7.807162430042925705e-02,8.268184037140365872e-01,8.173047187344074649e-01,8.643298454098842232e-01,4.504115879535675049e-02,4.126595798879861832e-03,3.780800849199295044e-02,3.804080933332443237e-02,4.159878939390182495e-02,7.207149851692011833e-01,-4.005698082437314511e-02,7.096072372886446100e-01,7.098966185184035771e-01,7.400113942114434629e-01,7.278072544976663671e-01,2.862255838714679590e-01,7.426128604033245262e-01,5.932040856569880116e-01,1.677631663857639122e-01,6.051290664600453839e-01
6.916611641645431519e-02,7.743051118763807361e-01,7.158270478248596191e-02,6.619419632578371626e-01,6.103515625000000127e-08,3.034816682338714600e-02,7.391312974505126476e-04,3.006149455904960632e-02,2.947453968226909637e-02,2.801317162811756134e-02,8.570101190901172616e-01,7.807397278040499600e-02,8.268187797950854456e-01,8.173052091113327533e-01,8.643305025850221979e-01,4.504102468490600586e-02,4.126575309783220291e-03,3.780796006321907043e-02,3.804123774170875549e-02,4.159901291131973267e-02,7.207175884056503667e-01,-4.005174755393405700e-02,7.096085579227257023e-01,7.098990697406274419e-01,7.400129755348968663e-01,7.277995073013493466e-01,2.862104207441607540e-01,7.426088405869983866e-01,5.932198988192551870e-01,1.677651784191172557e-01,6.051242680733245338e-01
6.916594505310058594e-02,7.743057743622736577e-01,7.158318161964416504e-02,6.619403206955697394e-01,6.103515625000000127e-08,3.034805692732334137e-02,7.391484105028212070e-04,3.006144613027572632e-02,2.947445586323738098e-02,2.801300399005413055e-02,8.570106624939272111e-01,7.805145080366332477e-02,8.268192181445545019e-01,8.173059211354269937e-01,8.643313965465146964e-01,4.504168033599853516e-02,4.126630257815122604e-03,3.780918940901756287e-02,3.804230317473411560e-02,4.159966856241226196e-02,7.207131895368624752e-01,-4.006953971528308400e-02,7.096055480362261081e-01,7.098944313051764876e-01,7.400100980195322142e-01,7.278135961973796197e-01,2.861819878988658972e-01,7.425727746183025113e-01,5.932331796133818447e-01,1.677529095665750147e-01,6.051042976825395936e-01
6.916584074497222900e-02,7.743061799766587372e-01,7.158321887254714966e-02,6.619418516303324784e-01,6.103515625000000127e-08,3.034779801964759827e-02,7.391387480311095715e-04,3.006136417388916016e-02,2.947428449988365173e-02,2.801277115941047668e-02,8.570120361451122326e-01,7.806772459413340026e-02,8.268196204696800500e-01,8.173071014546207103e-01,8.643326370935069392e-01,4.504195600748062134e-02,4.126594867557287216e-03,3.780983388423919678e-02,3.804212063550949097e-02,4.160010814666748047e-02,7.207189579898251042e-01,-4.004800832415617712e-02,7.096094015022103019e-01,7.098992119449676341e-01,7.400132188659173105e-01,7.277918141831396515e-01,2.862101842507344673e-01,7.426122173491761513e-01,5.932483263669492413e-01,1.677730307502429685e-01,6.051073854886757086e-01
6.916571408510208130e-02,7.743065622589698771e-01,7.158475369215011597e-02,6.619438073759051910e-01,6.103515625000000127e-08,3.034760244190692902e-02,7.391481194645166397e-04,3.006124496459960938e-02,2.947404049336910248e-02,2.801258303225040436e-02,8.570130398284772077e-01,7.807037518660560338e-02,8.268203508081529707e-01,8.173087591744450098e-01,8.643336721708537729e-01,4.504247382283210754e-02,4.126610700041055679e-03,3.781014308333396912e-02,3.804209455847740173e-02,4.160081967711448669e-02,7.207182468816200061e-01,-4.003922454727624342e-02,7.096096044140081105e-01,7.098997082729679997e-01,7.400119466130462564e-01,7.277999262559888827e-01,2.863429050114540408e-01,7.426310460729559360e-01,5.932771036105815021e-01,1.677222251871147707e-01,6.051005967235258964e-01
6.916563957929611206e-02,7.743068507556142288e-01,7.158476114273071289e-02,6.619447069799440087e-01,6.103515625000000127e-08,3.034739010035991669e-02,7.391315884888172150e-04,3.006122261285781860e-02,2.947399206459522247e-02,2.801233716309070587e-02,8.570142827316880041e-01,7.809676823641330257e-02,8.268206342702093536e-01,8.173098391191644385e-01,8.643351899970139751e-01,4.504217579960823059e-02,4.126571584492921829e-03,3.781265020370483398e-02,3.804377466440200806e-02,4.160173982381820679e-02,7.207251660250104663e-01,-4.001215697644531361e-02,7.096132361189145810e-01,7.099041497944051926e-01,7.400168120308189268e-01,7.277958820587381306e-01,2.863391566557717538e-01,7.426209458077410730e-01,5.932222464434924181e-01,1.677132661306603156e-01,6.051011810406349278e-01
6.916557997465133667e-02,7.743071138894610517e-01,7.158506661653518677e-02,6.619447716559304640e-01,3.051757812500000064e-08,3.034729883074760437e-02,7.391380495391786098e-04,3.006118908524513245e-02,2.947391942143440247e-02,2.801226824522018433e-02,8.570147161885539600e-01,7.809504839478574600e-02,8.268207935999558611e-01,8.173102132239075113e-01,8.643355290674074043e-01,4.504262283444404602e-02,4.126570187509059906e-03,3.781257942318916321e-02,3.804370760917663574e-02,4.160199314355850220e-02,7.207244895853793798e-01,-4.001408360369904105e-02,7.096127734192553271e-01,7.099032697360192490e-01,7.400159097329104263e-01,7.277830615812498349e-01,2.863440311049579856e-01,7.426348944548173403e-01,5.932247681698344932e-01,1.677150246427793756e-01,6.051099343986681145e-01
6.916545331478118896e-02,7.743076122781581416e-01,7.158364355564117432e-02,6.619423799301399347e-01,3.051757812500000064e-08,3.034747019410133362e-02,7.391255930997431278e-04,3.006102703511714935e-02,2.947391942143440247e-02,2.801235392689704895e-02,8.570137356908277271e-01,7.809315772600612660e-02,8.268217790841229098e-01,8.173097927265432494e-01,8.643349059051523842e-01,4.504165425896644592e-02,4.126554820686578751e-03,3.780985996127128601e-02,3.804207220673561096e-02,4.160016402602195740e-02,7.207194565466225056e-01,-4.002050276361960451e-02,7.096118432348013094e-01,7.099021588099265756e-01,7.400139273158341524e-01,7.277918201189067515e-01,2.862311129349930372e-01,7.426095335660831687e-01,5.932576042683883610e-01,1.677917322983254189e-01,6.051210668633990597e-01
6.916540116071701050e-02,7.743077686497293888e-01,7.158449292182922363e-02,6.619429678089133740e-01,3.051757812500000064e-08,3.034728765487670898e-02,7.391303661279380322e-04,3.006105497479438782e-02,2.947385795414447784e-02,2.801224030554294586e-02,8.570146987490826485e-01,7.808479736121230752e-02,8.268216033119765163e-01,8.173104604642749127e-01,8.643355930000117260e-01,4.504209384322166443e-02,4.126564599573612213e-03,3.781113401055335999e-02,3.804295882582664490e-02,4.160118848085403442e-02,7.207217804639891590e-01,-4.002182952592458348e-02,7.096124528936689213e-01,7.099030746617629450e-01,7.400145873739343294e-01,7.277918983763442817e-01,2.862263798221018618e-01,7.426281512864895129e-01,5.932569283366909696e-01,1.677182642237307342e-01,6.051056525260269936e-01
6.916533410549163818e-02,7.743079948821429692e-01,7.158485800027847290e-02,6.619431308185889096e-01,3.051757812500000064e-08,3.034719452261924744e-02,7.391411345452070236e-04,3.006103634834289551e-02,2.947383560240268707e-02,2.801213599741458893e-02,8.570152026709834114e-01,7.809018428914002441e-02,8.268217399959568725e-01,8.173106962768913464e-01,8.643361414372203733e-01,4.504247382283210754e-02,4.126579966396093369e-03,3.781162202358245850e-02,3.804336488246917725e-02,4.160157963633537292e-02,7.207212093757043858e-01,-4.001772934185027220e-02,7.096117844658952345e-01,7.099020589183793195e-01,7.400140370616639096e-01,7.277947728022335916e-01,2.863408070739887901e-01,7.426242568064755911e-01,5.932593250957504116e-01,1.677183276613620488e-01,6.051072772719774395e-01
6.916530430316925049e-02,7.743080955108209151e-01,7.158543914556503296e-02,6.619433844395324895e-01,3.051757812500000064e-08,3.034706041216850281e-02,7.391351973637938499e-04,3.006100840866565704e-02,2.947382070124149323e-02,2.801207453012466431e-02,8.570159049373278215e-01,7.811070613525920858e-02,8.268218911275817540e-01,8.173108890096937307e-01,8.643365410123712289e-01,4.504261165857315063e-02,4.126541316509246826e-03,3.781200945377349854e-02,3.804355487227439880e-02,4.160190746188163757e-02,7.207234797492653167e-01,-3.999645587430906979e-02,7.096131247889559956e-01,7.099040754188993274e-01,7.400157099027148133e-01,7.277909201981661580e-01,2.863435065200839458e-01,7.426421212185075893e-01,5.932181424696062466e-01,1.677006257812927170e-01,6.050910642308832132e-01
6.916527450084686279e-02,7.743082615836983651e-01,7.158508151769638062e-02,6.619428588399480784e-01,1.525878906250000032e-08,3.034707903861999512e-02,7.391352555714547634e-04,3.006098233163356781e-02,2.947380207479000092e-02,2.801206894218921661e-02,8.570157993295196563e-01,7.810578073833236712e-02,8.268220682776783459e-01,8.173108897551886187e-01,8.643365283735693350e-01,4.504245147109031677e-02,4.126543179154396057e-03,3.781164065003395081e-02,3.804321214556694031e-02,4.160157218575477600e-02,7.207226490664544460e-01,-4.000047095991712820e-02,7.096127925760291610e-01,7.099037927411154802e-01,7.400151392696833197e-01,7.277957457357805415e-01,2.863424575640368119e-01,7.426334555904076096e-01,5.932398481175368277e-01,1.677182642237307342e-01,6.051033238638197087e-01
6.916525214910507202e-02,7.743083151525492758e-01,7.158536463975906372e-02,6.619430989567820500e-01,1.525878906250000032e-08,3.034703992307186127e-02,7.391365943476557732e-04,3.006096929311752319e-02,2.947375923395156860e-02,2.801202610135078430e-02,8.570160218823249521e-01,7.810722598988814602e-02,8.268221322905485726e-01,8.173112510032146671e-01,8.643367761169848951e-01,4.504262283444404602e-02,4.126549698412418365e-03,3.781187906861305237e-02,3.804337233304977417e-02,4.160178080201148987e-02,7.207229273746651455e-01,-3.999990730277225293e-02,7.096130079883818942e-01,7.099038812426324840e-01,7.400152255382340671e-01,7.277930435629529349e-01,2.863435065200840013e-01,7.426434329342150864e-01,5.932224028663763971e-01,1.677171631783972439e-01,6.051014476991157798e-01
6.916519999504089355e-02,7.743085345125167995e-01,7.158505916595458984e-02,6.619419396092971475e-01,1.525878906250000032e-08,3.034706786274909973e-02,7.391357212327420712e-04,3.006093576550483704e-02,2.947376482188701630e-02,2.801205031573772430e-02,8.570158253399341453e-01,7.810075616119485642e-02,8.268223521710824642e-01,8.173110642237101375e-01,8.643365814007962777e-01,4.504241049289703369e-02,4.126565530896186829e-03,3.781107068061828613e-02,3.804297745227813721e-02,4.160131514072418213e-02,7.207204337357333568e-01,-4.000790381228384179e-02,7.096122467609922158e-01,7.099028203243811230e-01,7.400138762861214747e-01,7.277934215849800603e-01,2.863441081259184839e-01,7.426302083200596593e-01,5.932532816306425039e-01,1.677183276613620488e-01,6.051050478283765965e-01
6.916519999504089355e-02,7.743084919223065521e-01,7.158554345369338989e-02,6.619427538076180229e-01,1.525878906250000032e-08,3.034697473049163818e-02,7.391367689706385136e-04,3.006094880402088165e-02,2.947374060750007629e-02,2.801198326051235199e-02,8.570163485393490488e-01,7.810695562625485922e-02,8.268222726692713298e-01,8.173113907065222561e-01,8.643369991275616782e-01,4.504268988966941833e-02,4.126560408622026443e-03,3.781187161803245544e-02,3.804352879524230957e-02,4.160192608833312988e-02,7.207225397323758775e-01,-3.999933875674226841e-02,7.096129708622267440e-01,7.099036865056512768e-01,7.400149534560321873e-01,7.277930296545811473e-01,2.863350995286936818e-01,7.426405585092529238e-01,5.932248419613476154e-01,1.677016001435572001e-01,6.050931228263589645e-01
